<?xml version="1.0" encoding="utf-8"?>
<TextureAtlas imagePath="arrows-pixels.png">
    <!-- Created by hand 67.6.9.67120 -->
	  <!-- http://youtube.com -->
    <SubTexture name="arrowLEFT0000" x="0" y="0" width="16" height="17"/>
    <SubTexture name="left press0000" x="0" y="34" width="16" height="17" frameX="0" frameY="0" frameWidth="16" frameHeight="16"/>
    <SubTexture name="left confirm0000" x="0" y="51" width="16" height="17" frameX="0" frameY="0" frameWidth="16" frameHeight="16"/>
    <SubTexture name="left confirm0001" x="0" y="68" width="16" height="17" frameX="0" frameY="0" frameWidth="16" frameHeight="16"/>
    <SubTexture name="arrowDOWN0000" x="17" y="0" width="16" height="17"/>
    <SubTexture name="down press0000" x="17" y="34" width="16" height="17" frameX="0" frameY="0" frameWidth="16" frameHeight="16"/>
    <SubTexture name="down confirm0000" x="17" y="51" width="16" height="17" frameX="0" frameY="0" frameWidth="16" frameHeight="16"/>
    <SubTexture name="down confirm0001" x="17" y="68" width="16" height="17" frameX="0" frameY="0" frameWidth="16" frameHeight="16"/>
    <SubTexture name="arrowUP000" x="34" y="0" width="16" height="17"/>
    <SubTexture name="up press0000" x="34" y="34" width="16" height="17" frameX="0" frameY="0" frameWidth="16" frameHeight="16"/>
    <SubTexture name="up confirm0000" x="34" y="51" width="16" height="17" frameX="0" frameY="0" frameWidth="16" frameHeight="16"/>
    <SubTexture name="up confirm0001" x="34" y="68" width="16" height="17" frameX="0" frameY="0" frameWidth="16" frameHeight="16"/>
    <SubTexture name="arrowRIGHT0000" x="51" y="0" width="16" height="17"/>
    <SubTexture name="right press0000" x="51" y="34" width="16" height="17" frameX="0" frameY="0" frameWidth="16" frameHeight="16"/>
    <SubTexture name="right confirm0000" x="51" y="51" width="16" height="17" frameX="0" frameY="0" frameWidth="16" frameHeight="16"/>
    <SubTexture name="right confirm0001" x="51" y="68" width="16" height="17" frameX="0" frameY="0" frameWidth="16" frameHeight="16"/>
    <SubTexture name="purple0000" x="0" y="17" width="16" height="17"/>
    <SubTexture name="purple hold piece0000" x="67" y="0" width="6" height="9"/>
    <SubTexture name="purple hold end0000" x="67" y="9" width="6" height="3"/>
    <SubTexture name="blue0000" x="17" y="17" width="16" height="17"/>
    <SubTexture name="blue hold piece0000" x="75" y="0" width="6" height="9"/>
    <SubTexture name="blue hold end0000" x="75" y="9" width="6" height="3"/>
    <SubTexture name="green0000" x="34" y="17" width="16" height="17"/>
    <SubTexture name="green hold piece0000" x="82" y="0" width="6" height="9"/>
    <SubTexture name="green hold end0000" x="82" y="9" width="6" height="3"/>
    <SubTexture name="red0000" x="51" y="17" width="16" height="17"/>
    <SubTexture name="red hold piece0000" x="89" y="0" width="6" height="9"/>
    <SubTexture name="red hold end0000" x="89" y="9" width="6" height="3"/>
</TextureAtlas>