<?xml version='1.0' encoding='utf-8'?>
<TextureAtlas imagePath="bf-small.png">
<SubTexture name="idle0000" x="0" y="0" width="34" height="34" frameX="0" frameY="0" frameWidth="34" frameHeight="34" />
<SubTexture name="idle0001" x="34" y="0" width="34" height="34" frameX="0" frameY="0" frameWidth="34" frameHeight="34" />
<SubTexture name="idle0002" x="68" y="0" width="34" height="34" frameX="0" frameY="0" frameWidth="34" frameHeight="34" />
<SubTexture name="idle0003" x="102" y="0" width="34" height="34" frameX="0" frameY="0" frameWidth="34" frameHeight="34" />
<SubTexture name="idle0004" x="0" y="34" width="34" height="34" frameX="0" frameY="0" frameWidth="34" frameHeight="34" />
<SubTexture name="left0000" x="34" y="34" width="34" height="34" frameX="0" frameY="0" frameWidth="34" frameHeight="34" />
<SubTexture name="left0001" x="68" y="34" width="34" height="34" frameX="0" frameY="0" frameWidth="34" frameHeight="34" />
<SubTexture name="left0002" x="102" y="34" width="34" height="34" frameX="0" frameY="0" frameWidth="34" frameHeight="34" />
<SubTexture name="up0000" x="0" y="68" width="34" height="34" frameX="0" frameY="0" frameWidth="34" frameHeight="34" />
<SubTexture name="up0001" x="34" y="68" width="34" height="34" frameX="0" frameY="0" frameWidth="34" frameHeight="34" />
<SubTexture name="up0002" x="68" y="68" width="34" height="34" frameX="0" frameY="0" frameWidth="34" frameHeight="34" />
<SubTexture name="right0000" x="102" y="68" width="34" height="34" frameX="0" frameY="0" frameWidth="34" frameHeight="34" />
<SubTexture name="right0001" x="0" y="102" width="34" height="34" frameX="0" frameY="0" frameWidth="34" frameHeight="34" />
<SubTexture name="right0002" x="34" y="102" width="34" height="34" frameX="0" frameY="0" frameWidth="34" frameHeight="34" />
<SubTexture name="down0000" x="68" y="102" width="34" height="34" frameX="0" frameY="0" frameWidth="34" frameHeight="34" />
<SubTexture name="down0001" x="102" y="102" width="34" height="34" frameX="0" frameY="0" frameWidth="34" frameHeight="34" />
<SubTexture name="down0002" x="0" y="136" width="34" height="34" frameX="0" frameY="0" frameWidth="34" frameHeight="34" />

<SubTexture name="run0000" x="34" y="136" width="34" height="34" frameX="0" frameY="0" frameWidth="34" frameHeight="34" />
<SubTexture name="run0001" x="68" y="136" width="34" height="34" frameX="0" frameY="0" frameWidth="34" frameHeight="34" />
<SubTexture name="run0002" x="102" y="136" width="34" height="34" frameX="0" frameY="0" frameWidth="34" frameHeight="34" />
<SubTexture name="run0003" x="0" y="170" width="34" height="34" frameX="0" frameY="0" frameWidth="34" frameHeight="34" />
<SubTexture name="skid0000" x="34" y="170" width="34" height="34" frameX="0" frameY="0" frameWidth="34" frameHeight="34" />
</TextureAtlas>
