<?xml version='1.0' encoding='utf-8'?>
<TextureAtlas imagePath="bfmx.png">
<SubTexture name="bfmx left0000" x="0" y="110" width="85" height="100" frameX="0" frameY="0" frameWidth="85" frameHeight="100" />
<SubTexture name="bfmx left0001" x="85" y="110" width="85" height="100" frameX="0" frameY="0" frameWidth="85" frameHeight="100" />
<SubTexture name="bfmx left0002" x="85" y="110" width="85" height="100" frameX="0" frameY="0" frameWidth="85" frameHeight="100" />
<SubTexture name="bfmx right0000" x="0" y="210" width="90" height="95" frameX="0" frameY="0" frameWidth="90" frameHeight="95" />
<SubTexture name="bfmx right0001" x="90" y="210" width="85" height="95" frameX="0" frameY="0" frameWidth="85" frameHeight="95" />
<SubTexture name="bfmx right0002" x="90" y="210" width="85" height="95" frameX="0" frameY="0" frameWidth="85" frameHeight="95" />
<SubTexture name="bfmx run0000" x="170" y="110" width="80" height="100" frameX="0" frameY="0" frameWidth="80" frameHeight="100" />
<SubTexture name="bfmx run0001" x="270" y="0" width="80" height="100" frameX="0" frameY="0" frameWidth="80" frameHeight="100" />
<SubTexture name="bfmx run0002" x="270" y="100" width="80" height="100" frameX="0" frameY="0" frameWidth="80" frameHeight="100" />
<SubTexture name="bfmx run0003" x="270" y="0" width="80" height="100" frameX="0" frameY="0" frameWidth="80" frameHeight="100" />
<SubTexture name="bfmx idle0000" x="0" y="305" width="90" height="80" frameX="0" frameY="-20" frameWidth="90" frameHeight="100" />
<SubTexture name="bfmx idle0001" x="350" y="0" width="85" height="85" frameX="-2" frameY="-15" frameWidth="90" frameHeight="100" />
<SubTexture name="bfmx idle0002" x="350" y="0" width="85" height="85" frameX="-2" frameY="-15" frameWidth="90" frameHeight="100" />
<SubTexture name="bfmx idle0003" x="175" y="210" width="85" height="90" frameX="-2" frameY="-10" frameWidth="90" frameHeight="100" />
<SubTexture name="bfmx idle0004" x="180" y="0" width="90" height="100" frameX="0" frameY="0" frameWidth="90" frameHeight="100" />
<SubTexture name="bfmx idle0005" x="180" y="0" width="90" height="100" frameX="0" frameY="0" frameWidth="90" frameHeight="100" />
<SubTexture name="bfmx idle0006" x="180" y="0" width="90" height="100" frameX="0" frameY="0" frameWidth="90" frameHeight="100" />
<SubTexture name="bfmx down0000" x="350" y="85" width="80" height="80" frameX="0" frameY="-10" frameWidth="80" frameHeight="90" />
<SubTexture name="bfmx down0001" x="260" y="210" width="80" height="90" frameX="0" frameY="0" frameWidth="80" frameHeight="90" />
<SubTexture name="bfmx down0002" x="260" y="210" width="80" height="90" frameX="0" frameY="0" frameWidth="80" frameHeight="90" />
<SubTexture name="bfmx up0000" x="0" y="0" width="90" height="110" frameX="0" frameY="0" frameWidth="90" frameHeight="110" />
<SubTexture name="bfmx up0001" x="90" y="0" width="90" height="105" frameX="0" frameY="-5" frameWidth="90" frameHeight="110" />
<SubTexture name="bfmx up0002" x="90" y="0" width="90" height="105" frameX="0" frameY="-5" frameWidth="90" frameHeight="110" />
</TextureAtlas>
