<?xml version='1.0' encoding='utf-8'?>
<TextureAtlas imagePath="bigmx.png">
<SubTexture name="bigmx idle0000" x="140" y="0" width="140" height="78" frameX="0" frameY="0" frameWidth="140" frameHeight="78" />
<SubTexture name="bigmx idle0001" x="0" y="80" width="142" height="78" frameX="0" frameY="0" frameWidth="142" frameHeight="78" />
<SubTexture name="bigmx idle0002" x="0" y="158" width="139" height="78" frameX="0" frameY="0" frameWidth="139" frameHeight="78" />
<SubTexture name="bigmx idle0003" x="139" y="158" width="140" height="78" frameX="0" frameY="0" frameWidth="140" frameHeight="78" />
<SubTexture name="bigmx up0000" x="139" y="236" width="140" height="77" frameX="0" frameY="0" frameWidth="140" frameHeight="77" />
<SubTexture name="bigmx up0001" x="279" y="236" width="140" height="77" frameX="0" frameY="0" frameWidth="140" frameHeight="77" />
<SubTexture name="bigmx down0000" x="280" y="0" width="140" height="78" frameX="0" frameY="0" frameWidth="140" frameHeight="78" />
<SubTexture name="bigmx down0001" x="0" y="0" width="140" height="80" frameX="0" frameY="0" frameWidth="140" frameHeight="80" />
<SubTexture name="bigmx left0000" x="280" y="78" width="137" height="78" frameX="0" frameY="0" frameWidth="137" frameHeight="78" />
<SubTexture name="bigmx left0001" x="280" y="156" width="137" height="78" frameX="0" frameY="0" frameWidth="137" frameHeight="78" />
<SubTexture name="bigmx right0000" x="142" y="80" width="138" height="78" frameX="0" frameY="0" frameWidth="138" frameHeight="78" />
<SubTexture name="bigmx right0001" x="0" y="236" width="139" height="78" frameX="0" frameY="0" frameWidth="139" frameHeight="78" />
</TextureAtlas>
