<?xml version='1.0' encoding='utf-8'?>
<TextureAtlas imagePath="fakemario.png">
<SubTexture name="fakemario idle0000" x="160" y="0" width="80" height="160" frameX="0" frameY="0" frameWidth="80" frameHeight="160" />
<SubTexture name="fakemario left0000" x="240" y="0" width="85" height="160" frameX="-1" frameY="0" frameWidth="98" frameHeight="160" />
<SubTexture name="fakemario left0001" x="325" y="0" width="85" height="160" frameX="-6" frameY="0" frameWidth="98" frameHeight="160" />
<SubTexture name="fakemario right0000" x="0" y="175" width="90" height="160" frameX="0" frameY="0" frameWidth="90" frameHeight="160" />
<SubTexture name="fakemario right0001" x="90" y="175" width="85" height="160" frameX="0" frameY="0" frameWidth="85" frameHeight="160" />
<SubTexture name="fakemario down0000" x="175" y="175" width="85" height="160" frameX="-2" frameY="0" frameWidth="90" frameHeight="160" />
<SubTexture name="fakemario down0001" x="260" y="175" width="85" height="155" frameX="-2" frameY="-5" frameWidth="90" frameHeight="160" />
<SubTexture name="fakemario down0002" x="410" y="0" width="90" height="145" frameX="0" frameY="-15" frameWidth="90" frameHeight="160" />
<SubTexture name="fakemario up0000" x="0" y="0" width="80" height="175" frameX="0" frameY="0" frameWidth="80" frameHeight="175" />
<SubTexture name="fakemario up0001" x="80" y="0" width="80" height="165" frameX="0" frameY="-10" frameWidth="80" frameHeight="175" />
<SubTexture name="fakemario death0000" x="0" y="335" width="115" height="125" frameX="-2" frameY="0" frameWidth="120" frameHeight="125" />
<SubTexture name="fakemario death0001" x="115" y="335" width="120" height="115" frameX="0" frameY="-10" frameWidth="120" frameHeight="125" />
<SubTexture name="fakemario death0002" x="235" y="335" width="120" height="110" frameX="0" frameY="-15" frameWidth="120" frameHeight="125" />
</TextureAtlas>
