﻿<?xml version="1.0" encoding="utf-8"?>
<TextureAtlas imagePath="mx-angry.png">
	<!-- Created with Adobe Animate version 20.0.3.25487 -->
	<!-- http://www.adobe.com/products/animate.html -->
	<SubTexture name="down0000" x="111" y="20" width="71" height="56"/>
	<SubTexture name="down0001" x="111" y="20" width="71" height="56"/>
	<SubTexture name="down0002" x="111" y="20" width="71" height="56"/>
	<SubTexture name="down0003" x="202" y="20" width="71" height="56"/>
	<SubTexture name="down0004" x="202" y="20" width="71" height="56"/>
	<SubTexture name="down0005" x="202" y="20" width="71" height="56"/>
	<SubTexture name="down0006" x="202" y="20" width="71" height="56"/>
	<SubTexture name="down0007" x="202" y="20" width="71" height="56"/>
	<SubTexture name="down0008" x="202" y="20" width="71" height="56"/>
	<SubTexture name="down0009" x="202" y="20" width="71" height="56"/>
	<SubTexture name="down0010" x="202" y="20" width="71" height="56"/>
	<SubTexture name="down0011" x="202" y="20" width="71" height="56"/>
	<SubTexture name="down0012" x="202" y="20" width="71" height="56"/>
	<SubTexture name="down0013" x="202" y="20" width="71" height="56"/>
	<SubTexture name="idle0000" x="293" y="20" width="71" height="56"/>
	<SubTexture name="idle0001" x="293" y="20" width="71" height="56"/>
	<SubTexture name="idle0002" x="293" y="20" width="71" height="56"/>
	<SubTexture name="idle0003" x="384" y="20" width="71" height="56"/>
	<SubTexture name="idle0004" x="384" y="20" width="71" height="56"/>
	<SubTexture name="idle0005" x="384" y="20" width="71" height="56"/>
	<SubTexture name="idle0006" x="20" y="96" width="71" height="56"/>
	<SubTexture name="idle0007" x="20" y="96" width="71" height="56"/>
	<SubTexture name="idle0008" x="20" y="96" width="71" height="56"/>
	<SubTexture name="jump0000" x="20" y="20" width="71" height="56"/>
	<SubTexture name="left0000" x="111" y="96" width="71" height="56"/>
	<SubTexture name="left0001" x="111" y="96" width="71" height="56"/>
	<SubTexture name="left0002" x="111" y="96" width="71" height="56"/>
	<SubTexture name="left0003" x="202" y="96" width="71" height="56"/>
	<SubTexture name="left0004" x="202" y="96" width="71" height="56"/>
	<SubTexture name="left0005" x="202" y="96" width="71" height="56"/>
	<SubTexture name="left0006" x="202" y="96" width="71" height="56"/>
	<SubTexture name="left0007" x="202" y="96" width="71" height="56"/>
	<SubTexture name="left0008" x="202" y="96" width="71" height="56"/>
	<SubTexture name="left0009" x="202" y="96" width="71" height="56"/>
	<SubTexture name="left0010" x="202" y="96" width="71" height="56"/>
	<SubTexture name="left0011" x="202" y="96" width="71" height="56"/>
	<SubTexture name="left0012" x="202" y="96" width="71" height="56"/>
	<SubTexture name="left0013" x="202" y="96" width="71" height="56"/>
	<SubTexture name="right0000" x="293" y="96" width="71" height="56"/>
	<SubTexture name="right0001" x="293" y="96" width="71" height="56"/>
	<SubTexture name="right0002" x="293" y="96" width="71" height="56"/>
	<SubTexture name="right0003" x="384" y="96" width="71" height="56"/>
	<SubTexture name="right0004" x="384" y="96" width="71" height="56"/>
	<SubTexture name="right0005" x="384" y="96" width="71" height="56"/>
	<SubTexture name="right0006" x="384" y="96" width="71" height="56"/>
	<SubTexture name="right0007" x="384" y="96" width="71" height="56"/>
	<SubTexture name="right0008" x="384" y="96" width="71" height="56"/>
	<SubTexture name="right0009" x="384" y="96" width="71" height="56"/>
	<SubTexture name="right0010" x="384" y="96" width="71" height="56"/>
	<SubTexture name="right0011" x="384" y="96" width="71" height="56"/>
	<SubTexture name="right0012" x="384" y="96" width="71" height="56"/>
	<SubTexture name="right0013" x="384" y="96" width="71" height="56"/>
	<SubTexture name="up0000" x="20" y="172" width="71" height="56"/>
	<SubTexture name="up0001" x="20" y="172" width="71" height="56"/>
	<SubTexture name="up0002" x="20" y="172" width="71" height="56"/>
	<SubTexture name="up0003" x="111" y="172" width="71" height="56"/>
	<SubTexture name="up0004" x="111" y="172" width="71" height="56"/>
	<SubTexture name="up0005" x="111" y="172" width="71" height="56"/>
	<SubTexture name="up0006" x="111" y="172" width="71" height="56"/>
	<SubTexture name="up0007" x="111" y="172" width="71" height="56"/>
	<SubTexture name="up0008" x="111" y="172" width="71" height="56"/>
	<SubTexture name="up0009" x="111" y="172" width="71" height="56"/>
	<SubTexture name="up0010" x="111" y="172" width="71" height="56"/>
	<SubTexture name="up0011" x="111" y="172" width="71" height="56"/>
	<SubTexture name="up0012" x="111" y="172" width="71" height="56"/>
	<SubTexture name="up0013" x="111" y="172" width="71" height="56"/>
</TextureAtlas>
