{
	"camera_boyfriend": [
		292,
		0
	],
	"_editorMeta": {
		"boyfriend": "bfmx",
		"gf": "gf",
		"dad": "fakemario"
	},
	"preload": {
		"images/stage_light": 2,
		"images/stagecurtains": 2,
		"images/stagefront": 3,
		"images/stageback": 3
	},
	"girlfriend": [
		320,
		130
	],
	"stageUI": "",
	"boyfriend": [
		340,
		765
	],
	"camera_girlfriend": [
		492,
		715
	],
	"defaultZoom": 1.35,
	"objects": [
		{
			"x": -84,
			"y": 391,
			"scale": [
				6,
				6
			],
			"image": "goal",
			"flipX": false,
			"filters": 3,
			"color": "FFFFFF",
			"angle": 0,
			"name": "background",
			"antialiasing": false,
			"flipY": false,
			"scroll": [
				1,
				1
			],
			"alpha": 1,
			"type": "sprite"
		},
		{
			"type": "gf"
		},
		{
			"type": "dad"
		},
		{
			"type": "boyfriend"
		}
	],
	"camera_speed": 1,
	"directory": "",
	"opponent": [
		605,
		785
	],
	"camera_opponent": [
		-208,
		-50
	],
	"hide_girlfriend": true
}