{
	"player1": "bfmxfire",
	"player2": "fakemario",
	"notes": [
		{
			"endTime": 1297.2972972973,
			"sectionBeats": 4,
			"altAnim": false,
			"mustHitSection": true,
			"typeOfSection": 0,
			"sectionNotes": [
				[0, 1, 729.72972972973, "", 0],
				[810.810810810811, 0, 0, "", 2.5],
				[972.972972972973, 1, 0, "", 3],
				[1135.13513513513, 2, 0, "", 3.5]
			],
			"startTime": 0,
			"changeBPM": false,
			"bpm": 185
		},
		{
			"sectionBeats": 4,
			"sectionNotes": [
				[1297.2972972973, 3, 121.621621621622],
				[1621.62162162162, 2, 121.621621621622],
				[1945.94594594595, 0, 121.621621621622],
				[2270.27027027027, 3, 202.702702702703]
			],
			"gfSection": false,
			"altAnim": false,
			"mustHitSection": true,
			"changeBPM": false,
			"bpm": 185
		},
		{
			"sectionBeats": 4,
			"sectionNotes": [
				[2594.59459459459, 1, 121.621621621622],
				[2918.91891891892, 2, 0],
				[3081.08108108108, 1, 1256.75675675676]
			],
			"gfSection": false,
			"altAnim": false,
			"mustHitSection": true,
			"changeBPM": false,
			"bpm": 185
		},
		{
			"sectionBeats": 4,
			"sectionNotes": [],
			"gfSection": false,
			"altAnim": false,
			"mustHitSection": true,
			"changeBPM": false,
			"bpm": 185
		},
		{
			"sectionBeats": 4,
			"sectionNotes": [
				[5189.18918918919, 1, 608.108108108108],
				[6000, 3, 0],
				[6162.16216216216, 1, 0],
				[6324.32432432432, 0, 0]
			],
			"gfSection": false,
			"altAnim": false,
			"mustHitSection": true,
			"changeBPM": false,
			"bpm": 185
		},
		{
			"sectionBeats": 4,
			"sectionNotes": [
				[6486.48648648649, 2, 202.702702702703],
				[6810.81081081081, 1, 121.621621621622],
				[7135.13513513513, 3, 121.621621621622],
				[7459.45945945946, 0, 121.621621621622]
			],
			"gfSection": false,
			"altAnim": false,
			"mustHitSection": true,
			"changeBPM": false,
			"bpm": 185
		},
		{
			"sectionBeats": 4,
			"sectionNotes": [
				[7783.78378378378, 2, 121.621621621622],
				[8108.10810810811, 1, 0],
				[8270.27027027027, 2, 1256.75675675676]
			],
			"gfSection": false,
			"altAnim": false,
			"mustHitSection": true,
			"changeBPM": false,
			"bpm": 185
		},
		{
			"sectionBeats": 4,
			"sectionNotes": [],
			"gfSection": false,
			"altAnim": false,
			"mustHitSection": true,
			"changeBPM": false,
			"bpm": 185
		},
		{
			"sectionBeats": 4,
			"sectionNotes": [
				[10378.3783783784, 5, 729.72972972973, "", 0],
				[11189.1891891892, 4, 0, "", 2.5],
				[11351.3513513514, 5, 0, "", 3],
				[11513.5135135135, 6, 0, "", 3.5]
			],
			"gfSection": false,
			"altAnim": false,
			"mustHitSection": false,
			"changeBPM": false,
			"bpm": 185
		},
		{
			"sectionBeats": 4,
			"sectionNotes": [
				[11675.6756756757, 7, 121.621621621622],
				[12000, 6, 121.621621621622],
				[12324.3243243243, 4, 121.621621621622],
				[12648.6486486486, 7, 202.702702702703]
			],
			"gfSection": false,
			"altAnim": false,
			"mustHitSection": false,
			"changeBPM": false,
			"bpm": 185
		},
		{
			"sectionBeats": 4,
			"sectionNotes": [
				[12972.972972973, 5, 121.621621621622],
				[13297.2972972973, 6, 0],
				[13459.4594594595, 5, 1337.83783783784]
			],
			"gfSection": false,
			"altAnim": false,
			"mustHitSection": false,
			"changeBPM": false,
			"bpm": 185
		},
		{
			"sectionBeats": 4,
			"sectionNotes": [],
			"gfSection": false,
			"altAnim": false,
			"mustHitSection": false,
			"changeBPM": false,
			"bpm": 185
		},
		{
			"sectionBeats": 4,
			"sectionNotes": [
				[15567.5675675676, 5, 608.108108108108],
				[16378.3783783784, 7, 0],
				[16540.5405405405, 7, 0],
				[16702.7027027027, 5, 0]
			],
			"gfSection": false,
			"altAnim": false,
			"mustHitSection": false,
			"changeBPM": false,
			"bpm": 185
		},
		{
			"sectionBeats": 4,
			"sectionNotes": [
				[16864.8648648649, 6, 202.702702702703],
				[17189.1891891892, 5, 121.621621621622],
				[17513.5135135135, 7, 121.621621621622],
				[17837.8378378378, 4, 121.621621621622]
			],
			"gfSection": false,
			"altAnim": false,
			"mustHitSection": false,
			"changeBPM": false,
			"bpm": 185
		},
		{
			"sectionBeats": 4,
			"sectionNotes": [
				[18162.1621621622, 6, 121.621621621622],
				[18486.4864864865, 5, 0],
				[18648.6486486486, 6, 1175.67567567568]
			],
			"gfSection": false,
			"altAnim": false,
			"mustHitSection": false,
			"changeBPM": false,
			"bpm": 185
		},
		{
			"sectionBeats": 4,
			"sectionNotes": [],
			"gfSection": false,
			"altAnim": false,
			"mustHitSection": false,
			"changeBPM": false,
			"bpm": 185
		},
		{
			"sectionBeats": 4,
			"sectionNotes": [
				[20756.7567567568, 1, 0],
				[21081.0810810811, 2, 0],
				[21243.2432432432, 1, 0],
				[21486.4864864865, 1, 0],
				[21567.5675675676, 3, 0],
				[21648.6486486486, 1, 0],
				[21729.7297297297, 2, 0],
				[21891.8918918919, 1, 0]
			],
			"gfSection": false,
			"altAnim": false,
			"mustHitSection": true,
			"changeBPM": false,
			"bpm": 185
		},
		{
			"sectionBeats": 4,
			"sectionNotes": [
				[22054.054054054, 1, 0],
				[22216.2162162162, 2, 0],
				[22378.3783783784, 1, 121.621621621622],
				[22540.5405405405, 0, 0],
				[22864.8648648649, 3, 202.702702702703],
				[23027.027027027, 2, 0]
			],
			"gfSection": false,
			"altAnim": false,
			"mustHitSection": true,
			"changeBPM": false,
			"bpm": 185
		},
		{
			"sectionBeats": 4,
			"sectionNotes": [
				[23351.3513513513, 1, 0],
				[23675.6756756757, 2, 0],
				[23837.8378378378, 1, 810.810810810811]
			],
			"gfSection": false,
			"altAnim": false,
			"mustHitSection": true,
			"changeBPM": false,
			"bpm": 185
		},
		{
			"sectionBeats": 4,
			"sectionNotes": [
				[24648.6486486486, 5, 0],
				[24810.8108108108, 4, 0],
				[24972.972972973, 7, 0],
				[25135.1351351351, 7, 608.108108108108]
			],
			"gfSection": false,
			"altAnim": false,
			"mustHitSection": false,
			"changeBPM": false,
			"bpm": 185
		},
		{
			"sectionBeats": 4,
			"sectionNotes": [
				[25945.9459459459, 1, 0],
				[26270.2702702703, 2, 0],
				[26432.4324324324, 1, 0],
				[26756.7567567567, 2, 0],
				[26837.8378378378, 0, 0],
				[26918.9189189189, 2, 0]
			],
			"gfSection": false,
			"altAnim": false,
			"mustHitSection": true,
			"changeBPM": false,
			"bpm": 185
		},
		{
			"sectionBeats": 4,
			"sectionNotes": [
				[27243.2432432432, 3, 121.621621621622],
				[27567.5675675676, 0, 0],
				[27729.7297297297, 0, 0],
				[27891.8918918919, 2, 0],
				[28054.054054054, 0, 0],
				[28135.1351351351, 3, 0],
				[28216.2162162162, 1, 283.783783783784]
			],
			"gfSection": false,
			"altAnim": false,
			"mustHitSection": true,
			"changeBPM": false,
			"bpm": 185
		},
		{
			"sectionBeats": 4,
			"sectionNotes": [
				[28540.5405405405, 2, 121.621621621622],
				[28864.8648648649, 1, 0],
				[29027.027027027, 2, 770.27027027027]
			],
			"gfSection": false,
			"altAnim": false,
			"mustHitSection": true,
			"changeBPM": false,
			"bpm": 185
		},
		{
			"sectionBeats": 4,
			"sectionNotes": [
				[29837.8378378378, 6, 0],
				[30000, 6, 0],
				[30162.1621621622, 7, 0],
				[30324.3243243243, 5, 0]
			],
			"gfSection": false,
			"altAnim": false,
			"mustHitSection": false,
			"changeBPM": false,
			"bpm": 185
		},
		{
			"sectionBeats": 4,
			"sectionNotes": [
				[31135.1351351351, 5, 0],
				[31459.4594594594, 6, 0],
				[31540.5405405405, 5, 0],
				[31621.6216216216, 7, 0],
				[31945.9459459459, 7, 0],
				[32027.027027027, 5, 0],
				[32108.1081081081, 7, 0],
				[32189.1891891892, 5, 0]
			],
			"gfSection": false,
			"altAnim": false,
			"mustHitSection": false,
			"changeBPM": false,
			"bpm": 185
		},
		{
			"sectionBeats": 4,
			"sectionNotes": [
				[32432.4324324324, 4, 0],
				[32594.5945945946, 6, 0],
				[32756.7567567567, 5, 202.702702702703],
				[32918.9189189189, 6, 0],
				[33243.2432432432, 7, 121.621621621622],
				[33405.4054054054, 6, 0],
				[33567.5675675676, 5, 0]
			],
			"gfSection": false,
			"altAnim": false,
			"mustHitSection": false,
			"changeBPM": false,
			"bpm": 185
		},
		{
			"sectionBeats": 4,
			"sectionNotes": [
				[33729.7297297297, 5, 0],
				[34054.054054054, 6, 0],
				[34216.2162162162, 5, 770.27027027027]
			],
			"gfSection": false,
			"altAnim": false,
			"mustHitSection": false,
			"changeBPM": false,
			"bpm": 185
		},
		{
			"sectionBeats": 4,
			"sectionNotes": [
				[35027.027027027, 1, 0],
				[35189.1891891892, 0, 0],
				[35351.3513513513, 3, 0],
				[35513.5135135135, 3, 608.108108108108]
			],
			"gfSection": false,
			"altAnim": false,
			"mustHitSection": true,
			"changeBPM": false,
			"bpm": 185
		},
		{
			"sectionBeats": 4,
			"sectionNotes": [
				[36324.3243243243, 5, 0],
				[36648.6486486486, 6, 0],
				[36810.8108108108, 5, 0],
				[37135.1351351351, 6, 0],
				[37216.2162162162, 4, 0],
				[37297.2972972973, 6, 0],
				[37459.4594594595, 6, 0]
			],
			"gfSection": false,
			"altAnim": false,
			"mustHitSection": false,
			"changeBPM": false,
			"bpm": 185
		},
		{
			"sectionBeats": 4,
			"sectionNotes": [
				[37621.6216216216, 7, 121.621621621622],
				[37783.7837837838, 7, 0],
				[37945.9459459459, 4, 0],
				[38108.1081081081, 4, 0],
				[38432.4324324324, 6, 0],
				[38513.5135135135, 4, 0],
				[38594.5945945946, 5, 202.702702702703],
				[38756.7567567568, 7, 0]
			],
			"gfSection": false,
			"altAnim": false,
			"mustHitSection": false,
			"changeBPM": false,
			"bpm": 185
		},
		{
			"sectionBeats": 4,
			"sectionNotes": [
				[38918.9189189189, 6, 121.621621621622],
				[39162.1621621622, 5, 0],
				[39324.3243243243, 5, 851.351351351351]
			],
			"gfSection": false,
			"altAnim": false,
			"mustHitSection": false,
			"changeBPM": false,
			"bpm": 185
		},
		{
			"sectionBeats": 4,
			"sectionNotes": [
				[40216.2162162162, 6, 486.486486486486]
			],
			"gfSection": false,
			"altAnim": false,
			"mustHitSection": false,
			"changeBPM": false,
			"bpm": 185
		},
		{
			"sectionBeats": 4,
			"sectionNotes": [
				[41513.5135135135, 7, 202.702702702703],
				[41837.8378378378, 6, 0],
				[42000, 4, 0],
				[42162.1621621622, 6, 202.702702702703],
				[42486.4864864865, 5, 121.621621621622]
			],
			"gfSection": false,
			"altAnim": false,
			"mustHitSection": false,
			"changeBPM": false,
			"bpm": 185
		},
		{
			"sectionBeats": 4,
			"sectionNotes": [
				[42810.8108108108, 7, 0],
				[42972.972972973, 7, 0],
				[43135.1351351351, 6, 0],
				[43297.2972972973, 4, 0],
				[43459.4594594595, 6, 121.621621621622],
				[43783.7837837838, 5, 202.702702702703]
			],
			"gfSection": false,
			"altAnim": false,
			"mustHitSection": false,
			"changeBPM": false,
			"bpm": 185
		},
		{
			"sectionBeats": 4,
			"sectionNotes": [
				[44108.1081081081, 7, 0],
				[44270.2702702703, 7, 0],
				[44432.4324324324, 5, 0],
				[44594.5945945946, 5, 0],
				[44756.7567567568, 6, 0],
				[44918.9189189189, 5, 0],
				[45081.0810810811, 5, 121.621621621622]
			],
			"gfSection": false,
			"altAnim": false,
			"mustHitSection": false,
			"changeBPM": false,
			"bpm": 185
		},
		{
			"sectionBeats": 4,
			"sectionNotes": [
				[45405.4054054054, 6, 0],
				[45567.5675675676, 6, 0],
				[45729.7297297297, 4, 0],
				[45891.8918918919, 5, 0],
				[46054.0540540541, 4, 202.702702702703],
				[46378.3783783784, 5, 121.621621621622]
			],
			"gfSection": false,
			"altAnim": false,
			"mustHitSection": false,
			"changeBPM": false,
			"bpm": 185
		},
		{
			"sectionBeats": 4,
			"sectionNotes": [
				[46702.7027027027, 0, 202.702702702703],
				[47027.027027027, 1, 0],
				[47189.1891891892, 3, 0],
				[47351.3513513514, 1, 202.702702702703],
				[47675.6756756757, 2, 121.621621621622]
			],
			"gfSection": false,
			"altAnim": false,
			"mustHitSection": true,
			"changeBPM": false,
			"bpm": 185
		},
		{
			"sectionBeats": 4,
			"sectionNotes": [
				[48000, 0, 0],
				[48162.1621621622, 0, 0],
				[48324.3243243243, 1, 0],
				[48486.4864864865, 3, 0],
				[48648.6486486487, 1, 121.621621621622],
				[48972.972972973, 2, 202.702702702703]
			],
			"gfSection": false,
			"altAnim": false,
			"mustHitSection": true,
			"changeBPM": false,
			"bpm": 185
		},
		{
			"sectionBeats": 4,
			"sectionNotes": [
				[49297.2972972973, 0, 0],
				[49459.4594594595, 0, 0],
				[49621.6216216216, 2, 0],
				[49945.945945946, 2, 0],
				[50270.2702702703, 3, 0]
			],
			"gfSection": false,
			"altAnim": false,
			"mustHitSection": true,
			"changeBPM": false,
			"bpm": 185
		},
		{
			"sectionBeats": 4,
			"sectionNotes": [
				[50594.5945945946, 2, 0],
				[50756.7567567568, 2, 0],
				[50918.9189189189, 0, 0],
				[51081.0810810811, 1, 0],
				[51243.2432432433, 0, 202.702702702703],
				[51567.5675675676, 1, 121.621621621622]
			],
			"gfSection": false,
			"altAnim": false,
			"mustHitSection": true,
			"changeBPM": false,
			"bpm": 185
		},
		{
			"sectionBeats": 4,
			"sectionNotes": [
				[51891.8918918919, 6, 0],
				[51891.8918918919, 2, 1256.75675675676],
				[52216.2162162162, 6, 0],
				[52540.5405405406, 4, 121.621621621622],
				[52864.8648648649, 5, 121.621621621622]
			],
			"gfSection": false,
			"altAnim": false,
			"mustHitSection": true,
			"changeBPM": false,
			"bpm": 185
		},
		{
			"sectionBeats": 4,
			"sectionNotes": [
				[53189.1891891892, 7, 0],
				[53189.1891891892, 0, 1256.75675675676],
				[53351.3513513514, 7, 0],
				[53513.5135135135, 4, 0],
				[53675.6756756757, 5, 0],
				[53837.8378378379, 6, 0],
				[54162.1621621622, 5, 0]
			],
			"gfSection": false,
			"altAnim": false,
			"mustHitSection": true,
			"changeBPM": false,
			"bpm": 185
		},
		{
			"sectionBeats": 4,
			"sectionNotes": [
				[54486.4864864865, 7, 0],
				[54486.4864864865, 3, 1256.75675675676],
				[54810.8108108108, 7, 0],
				[55135.1351351352, 4, 283.783783783784],
				[55459.4594594595, 5, 121.621621621622]
			],
			"gfSection": false,
			"altAnim": false,
			"mustHitSection": true,
			"changeBPM": false,
			"bpm": 185
		},
		{
			"sectionBeats": 4,
			"sectionNotes": [
				[55783.7837837838, 4, 0],
				[55783.7837837838, 1, 1256.75675675676],
				[55945.945945946, 7, 0],
				[56108.1081081082, 4, 0],
				[56432.4324324325, 6, 283.783783783784],
				[56756.7567567568, 7, 283.783783783784]
			],
			"gfSection": false,
			"altAnim": false,
			"mustHitSection": true,
			"changeBPM": false,
			"bpm": 185
		},
		{
			"sectionBeats": 4,
			"sectionNotes": [
				[57081.0810810811, 5, 1256.75675675676],
				[57081.0810810811, 1, 0],
				[57405.4054054055, 1, 0],
				[57729.7297297298, 3, 121.621621621622],
				[58054.0540540541, 1, 121.621621621622]
			],
			"gfSection": false,
			"altAnim": false,
			"mustHitSection": true,
			"changeBPM": false,
			"bpm": 185
		},
		{
			"sectionBeats": 4,
			"sectionNotes": [
				[58378.3783783784, 3, 0],
				[58378.3783783784, 4, 1256.75675675676],
				[58540.5405405406, 3, 0],
				[58702.7027027028, 0, 0],
				[58864.8648648649, 2, 0],
				[59027.0270270271, 3, 202.702702702703],
				[59351.3513513514, 1, 0]
			],
			"gfSection": false,
			"altAnim": false,
			"mustHitSection": true,
			"changeBPM": false,
			"bpm": 185
		},
		{
			"sectionBeats": 4,
			"sectionNotes": [
				[59675.6756756757, 0, 0],
				[59837.8378378379, 1, 121.621621621622],
				[60000.0000000001, 3, 0],
				[60324.3243243244, 1, 0],
				[60486.4864864865, 3, 121.621621621622],
				[60648.6486486487, 1, 0]
			],
			"gfSection": false,
			"altAnim": false,
			"mustHitSection": false,
			"changeBPM": false,
			"bpm": 185
		},
		{
			"sectionBeats": 4,
			"sectionNotes": [
				[60972.972972973, 0, 0],
				[61297.2972972974, 2, 0],
				[61621.6216216217, 3, 0]
			],
			"gfSection": false,
			"altAnim": false,
			"mustHitSection": false,
			"changeBPM": false,
			"bpm": 185
		},
		{
			"sectionBeats": 4,
			"sectionNotes": [
				[62270.2702702703, 6, 0],
				[62270.2702702703, 2, 1256.75675675676],
				[62432.4324324325, 7, 0],
				[62594.5945945947, 6, 0],
				[62918.918918919, 6, 121.621621621622],
				[63243.2432432433, 4, 121.621621621622]
			],
			"gfSection": false,
			"altAnim": false,
			"mustHitSection": true,
			"changeBPM": false,
			"bpm": 185
		},
		{
			"sectionBeats": 4,
			"sectionNotes": [
				[63567.5675675676, 6, 0],
				[63567.5675675676, 0, 1256.75675675676],
				[63648.6486486487, 4, 0],
				[63729.7297297298, 6, 0],
				[63810.8108108109, 5, 0],
				[63972.972972973, 7, 0],
				[64216.2162162163, 5, 202.702702702703]
			],
			"gfSection": false,
			"altAnim": false,
			"mustHitSection": true,
			"changeBPM": false,
			"bpm": 185
		},
		{
			"sectionBeats": 4,
			"sectionNotes": [
				[64864.8648648649, 6, 0],
				[64864.8648648649, 3, 1256.75675675676],
				[65027.0270270271, 5, 0],
				[65189.1891891893, 7, 0],
				[65270.2702702703, 6, 0],
				[65432.4324324325, 5, 0],
				[65594.5945945947, 4, 283.783783783784],
				[65675.6756756757, 6, 0],
				[66000.0000000001, 7, 121.621621621622]
			],
			"gfSection": false,
			"altAnim": false,
			"mustHitSection": true,
			"changeBPM": false,
			"bpm": 185
		},
		{
			"sectionBeats": 4,
			"sectionNotes": [
				[66162.1621621622, 5, 283.783783783784],
				[66162.1621621622, 1, 1256.75675675676],
				[66567.5675675676, 6, 0],
				[66648.6486486487, 4, 0],
				[66729.7297297298, 5, 202.702702702703]
			],
			"gfSection": false,
			"altAnim": false,
			"mustHitSection": true,
			"changeBPM": false,
			"bpm": 185
		},
		{
			"sectionBeats": 4,
			"sectionNotes": [
				[67459.4594594595, 1, 0],
				[67459.4594594595, 6, 0],
				[67459.4594594595, 4, 0],
				[67540.5405405406, 2, 0],
				[67621.6216216217, 5, 0],
				[67621.6216216217, 3, 0],
				[67621.6216216217, 6, 0],
				[67621.6216216217, 1, 0],
				[67702.7027027028, 4, 0],
				[67783.7837837838, 1, 0],
				[67783.7837837838, 2, 0],
				[67783.7837837838, 6, 0],
				[67864.8648648649, 3, 0],
				[67864.8648648649, 5, 0],
				[67945.945945946, 4, 0],
				[67945.945945946, 6, 0],
				[67945.945945946, 1, 0],
				[68027.0270270271, 2, 0],
				[68108.1081081082, 5, 0],
				[68108.1081081082, 3, 0],
				[68108.1081081082, 6, 0],
				[68108.1081081082, 1, 0],
				[68189.1891891892, 4, 0],
				[68270.2702702703, 1, 0],
				[68270.2702702703, 2, 0],
				[68270.2702702703, 6, 0],
				[68351.3513513514, 3, 0],
				[68351.3513513514, 5, 0],
				[68432.4324324325, 4, 0],
				[68432.4324324325, 6, 0],
				[68432.4324324325, 1, 0],
				[68513.5135135136, 2, 0],
				[68594.5945945946, 6, 121.621621621622],
				[68594.5945945946, 1, 0],
				[68594.5945945946, 3, 0],
				[68594.5945945946, 5, 0],
				[68675.6756756757, 4, 0]
			],
			"gfSection": false,
			"altAnim": false,
			"mustHitSection": true,
			"changeBPM": false,
			"bpm": 185
		},
		{
			"sectionBeats": 4,
			"sectionNotes": [
				[68756.7567567568, 7, 121.621621621622],
				[68756.7567567568, 2, 121.621621621622],
				[69000, 0, 121.621621621622],
				[69081.0810810811, 5, 121.621621621622],
				[69243.2432432433, 1, 121.621621621622],
				[69405.4054054055, 4, 0],
				[69486.4864864865, 6, 0],
				[69486.4864864865, 3, 121.621621621622],
				[69567.5675675676, 4, 0],
				[69648.6486486487, 6, 0],
				[69729.7297297298, 4, 0],
				[69729.7297297298, 2, 283.783783783784],
				[69891.8918918919, 5, 0]
			],
			"gfSection": false,
			"altAnim": false,
			"mustHitSection": true,
			"changeBPM": false,
			"bpm": 185
		},
		{
			"sectionBeats": 4,
			"sectionNotes": [
				[70054.0540540541, 4, 0],
				[70054.0540540541, 3, 283.783783783784],
				[70216.2162162163, 5, 0],
				[70378.3783783784, 7, 0],
				[70540.5405405406, 4, 0],
				[70540.5405405406, 2, 0],
				[70702.7027027028, 7, 0],
				[70864.8648648649, 4, 0],
				[70864.8648648649, 3, 0],
				[70945.945945946, 2, 0],
				[71027.0270270271, 5, 121.621621621622],
				[71108.1081081082, 0, 0],
				[71270.2702702703, 1, 121.621621621622]
			],
			"gfSection": false,
			"altAnim": false,
			"mustHitSection": true,
			"changeBPM": false,
			"bpm": 185
		},
		{
			"sectionBeats": 4,
			"sectionNotes": [
				[71351.3513513514, 7, 121.621621621622],
				[71513.5135135135, 3, 121.621621621622],
				[71675.6756756757, 6, 121.621621621622],
				[71918.918918919, 2, 608.108108108108],
				[72000, 5, 121.621621621622]
			],
			"gfSection": false,
			"altAnim": false,
			"mustHitSection": true,
			"changeBPM": false,
			"bpm": 185
		},
		{
			"sectionBeats": 4,
			"sectionNotes": [
				[72648.6486486487, 5, 1256.75675675676],
				[72648.6486486487, 1, 0],
				[72810.8108108108, 0, 0],
				[72972.972972973, 1, 0],
				[73297.2972972973, 3, 0],
				[73621.6216216217, 1, 0]
			],
			"gfSection": false,
			"altAnim": false,
			"mustHitSection": true,
			"changeBPM": false,
			"bpm": 185
		},
		{
			"sectionBeats": 4,
			"sectionNotes": [
				[73945.945945946, 1, 0],
				[73945.945945946, 7, 1256.75675675676],
				[74027.0270270271, 3, 0],
				[74108.1081081081, 1, 0],
				[74270.2702702703, 2, 0],
				[74351.3513513514, 0, 121.621621621622],
				[74675.6756756757, 2, 121.621621621622],
				[74918.9189189189, 3, 121.621621621622]
			],
			"gfSection": false,
			"altAnim": false,
			"mustHitSection": true,
			"changeBPM": false,
			"bpm": 185
		},
		{
			"sectionBeats": 4,
			"sectionNotes": [
				[75243.2432432433, 1, 0],
				[75243.2432432433, 4, 1256.75675675676],
				[75405.4054054054, 2, 0],
				[75567.5675675676, 1, 0],
				[75729.7297297297, 2, 0],
				[75891.8918918919, 1, 121.621621621622],
				[76216.2162162162, 3, 121.621621621622],
				[76459.4594594595, 2, 0]
			],
			"gfSection": false,
			"altAnim": false,
			"mustHitSection": true,
			"changeBPM": false,
			"bpm": 185
		},
		{
			"sectionBeats": 4,
			"sectionNotes": [
				[76540.5405405406, 7, 1256.75675675676],
				[76864.8648648649, 2, 0],
				[76945.945945946, 1, 0],
				[77027.027027027, 3, 0],
				[77108.1081081081, 0, 0],
				[77189.1891891892, 2, 527.027027027027]
			],
			"gfSection": false,
			"altAnim": false,
			"mustHitSection": true,
			"changeBPM": false,
			"bpm": 185
		},
		{
			"sectionBeats": 4,
			"sectionNotes": [
				[77837.8378378379, 6, 0],
				[77837.8378378379, 1, 0],
				[77918.9189189189, 5, 0],
				[77918.9189189189, 2, 0],
				[78000, 4, 0],
				[78000, 3, 0],
				[78081.0810810811, 5, 0],
				[78081.0810810811, 2, 0],
				[78162.1621621622, 6, 0],
				[78162.1621621622, 1, 0],
				[78243.2432432433, 5, 0],
				[78243.2432432433, 2, 0],
				[78324.3243243243, 4, 0],
				[78324.3243243243, 3, 0],
				[78405.4054054054, 5, 0],
				[78405.4054054054, 2, 0],
				[78486.4864864865, 1, 0],
				[78486.4864864865, 6, 0],
				[78567.5675675676, 5, 0],
				[78567.5675675676, 2, 0],
				[78648.6486486487, 4, 0],
				[78648.6486486487, 3, 0],
				[78729.7297297297, 5, 0],
				[78729.7297297297, 2, 0],
				[78810.8108108108, 1, 0],
				[78810.8108108108, 6, 0],
				[78891.8918918919, 5, 0],
				[78891.8918918919, 2, 0],
				[78972.972972973, 4, 0],
				[78972.972972973, 3, 0],
				[79054.0540540541, 5, 0],
				[79054.0540540541, 2, 0]
			],
			"gfSection": false,
			"altAnim": false,
			"mustHitSection": true,
			"changeBPM": false,
			"bpm": 185
		},
		{
			"sectionBeats": 4,
			"sectionNotes": [
				[79135.1351351351, 1, 121.621621621622],
				[79135.1351351351, 6, 121.621621621622],
				[79459.4594594595, 3, 121.621621621622],
				[79459.4594594595, 7, 121.621621621622],
				[79783.7837837838, 1, 527.027027027027],
				[79783.7837837838, 5, 121.621621621622]
			],
			"gfSection": false,
			"altAnim": false,
			"mustHitSection": true,
			"changeBPM": false,
			"bpm": 185
		},
		{
			"sectionBeats": 4,
			"sectionNotes": [
				[80432.4324324324, 2, 0],
				[80432.4324324324, 7, 0],
				[80594.5945945946, 3, 0],
				[80756.7567567568, 7, 0],
				[80756.7567567568, 2, 0],
				[80918.9189189189, 1, 0],
				[80918.9189189189, 5, 0],
				[81081.0810810811, 3, 0],
				[81243.2432432433, 5, 0],
				[81243.2432432433, 0, 0],
				[81405.4054054054, 1, 0],
				[81405.4054054054, 6, 0],
				[81567.5675675676, 7, 0],
				[81567.5675675676, 3, 0]
			],
			"gfSection": false,
			"altAnim": false,
			"mustHitSection": true,
			"changeBPM": false,
			"bpm": 185
		},
		{
			"sectionBeats": 4,
			"sectionNotes": [
				[81729.7297297297, 2, 202.702702702703],
				[81729.7297297297, 6, 202.702702702703],
				[82054.0540540541, 4, 0],
				[82054.0540540541, 0, 0],
				[82135.1351351351, 3, 0],
				[82135.1351351351, 6, 0],
				[82216.2162162162, 2, 40.5405405405405],
				[82216.2162162162, 7, 0],
				[82297.2972972973, 1, 0],
				[82297.2972972973, 5, 608.108108108108],
				[82378.3783783784, 0, 527.027027027027]
			],
			"gfSection": false,
			"altAnim": false,
			"mustHitSection": true,
			"changeBPM": false,
			"bpm": 185
		},
		{
			"sectionBeats": 4,
			"sectionNotes": [
				[83027.027027027, 3, 0],
				[83027.027027027, 1, 0],
				[83432.4324324324, 2, 0],
				[83513.5135135135, 1, 0],
				[83675.6756756757, 3, 0],
				[83837.8378378378, 3, 0],
				[84000, 0, 202.702702702703]
			],
			"gfSection": false,
			"altAnim": false,
			"mustHitSection": true,
			"changeBPM": false,
			"bpm": 185
		},
		{
			"sectionBeats": 4,
			"sectionNotes": [
				[84324.3243243243, 7, 0],
				[84324.3243243243, 5, 0],
				[84810.8108108108, 5, 0],
				[84891.8918918919, 6, 0],
				[84972.972972973, 4, 0],
				[85135.1351351351, 5, 0],
				[85297.2972972973, 7, 0],
				[85459.4594594595, 6, 0],
				[85459.4594594595, 4, 0]
			],
			"gfSection": false,
			"altAnim": false,
			"mustHitSection": false,
			"changeBPM": false,
			"bpm": 185
		},
		{
			"sectionBeats": 4,
			"sectionNotes": [
				[85783.7837837838, 4, 0],
				[85945.9459459459, 4, 0],
				[86027.027027027, 6, 0],
				[86108.1081081081, 5, 0],
				[86270.2702702703, 7, 0],
				[86432.4324324324, 7, 0],
				[86594.5945945946, 6, 0],
				[86756.7567567567, 5, 0]
			],
			"gfSection": false,
			"altAnim": false,
			"mustHitSection": false,
			"changeBPM": false,
			"bpm": 185
		},
		{
			"sectionBeats": 4,
			"sectionNotes": [
				[87081.0810810811, 5, 0],
				[87243.2432432432, 6, 0],
				[87405.4054054054, 5, 0],
				[87567.5675675676, 4, 202.702702702703],
				[87891.8918918919, 6, 121.621621621622]
			],
			"gfSection": false,
			"altAnim": false,
			"mustHitSection": false,
			"changeBPM": false,
			"bpm": 185
		},
		{
			"sectionBeats": 4,
			"sectionNotes": [
				[88216.2162162162, 5, 0],
				[88216.2162162162, 1, 0],
				[88297.2972972973, 6, 0],
				[88378.3783783784, 4, 0],
				[88378.3783783784, 3, 0],
				[88459.4594594594, 7, 0],
				[88459.4594594594, 0, 0],
				[88540.5405405405, 6, 0],
				[88540.5405405405, 3, 0],
				[88621.6216216216, 5, 0],
				[88702.7027027027, 7, 0],
				[88702.7027027027, 1, 0],
				[88783.7837837838, 6, 0],
				[88864.8648648649, 4, 0],
				[88864.8648648649, 3, 0],
				[89027.027027027, 2, 0],
				[89189.1891891892, 5, 0],
				[89189.1891891892, 1, 0],
				[89351.3513513513, 2, 0]
			],
			"gfSection": false,
			"altAnim": false,
			"mustHitSection": true,
			"changeBPM": false,
			"bpm": 185
		},
		{
			"sectionBeats": 4,
			"sectionNotes": [
				[89513.5135135135, 7, 0],
				[89513.5135135135, 1, 0],
				[89675.6756756757, 5, 0],
				[89675.6756756757, 2, 0],
				[89756.7567567567, 0, 0],
				[89837.8378378378, 2, 0],
				[90000, 3, 0],
				[90162.1621621621, 2, 0],
				[90162.1621621621, 5, 0],
				[90324.3243243243, 1, 0],
				[90324.3243243243, 6, 0],
				[90405.4054054054, 5, 0],
				[90486.4864864865, 7, 0],
				[90486.4864864865, 3, 0],
				[90648.6486486486, 0, 202.702702702703],
				[90648.6486486486, 5, 0]
			],
			"gfSection": false,
			"altAnim": false,
			"mustHitSection": true,
			"changeBPM": false,
			"bpm": 185
		},
		{
			"sectionBeats": 4,
			"sectionNotes": [
				[90810.8108108108, 4, 0],
				[90972.9729729729, 1, 0],
				[90972.9729729729, 5, 0],
				[91135.1351351351, 1, 0],
				[91135.1351351351, 7, 0],
				[91297.2972972973, 3, 202.702702702703],
				[91621.6216216216, 2, 0],
				[91621.6216216216, 5, 0],
				[91783.7837837838, 4, 0],
				[91783.7837837838, 3, 0],
				[91945.9459459459, 1, 0],
				[91945.9459459459, 5, 0]
			],
			"gfSection": false,
			"altAnim": false,
			"mustHitSection": true,
			"changeBPM": false,
			"bpm": 185
		},
		{
			"sectionBeats": 4,
			"sectionNotes": [
				[92270.2702702702, 1, 0],
				[92270.2702702702, 5, 0],
				[92351.3513513513, 3, 0],
				[92432.4324324324, 1, 0],
				[92594.5945945946, 6, 0],
				[92594.5945945946, 0, 0],
				[92756.7567567567, 3, 121.621621621622],
				[92756.7567567567, 5, 527.027027027027],
				[93081.0810810811, 1, 121.621621621622]
			],
			"gfSection": false,
			"altAnim": false,
			"mustHitSection": true,
			"changeBPM": false,
			"bpm": 185
		},
		{
			"sectionBeats": 4,
			"sectionNotes": [
				[93405.4054054054, 3, 0],
				[93405.4054054054, 0, 0],
				[93810.8108108108, 2, 0],
				[93891.8918918918, 1, 0],
				[93972.9729729729, 3, 0],
				[94135.1351351351, 3, 0],
				[94297.2972972973, 0, 202.702702702703],
				[94297.2972972973, 1, 202.702702702703]
			],
			"gfSection": false,
			"altAnim": false,
			"mustHitSection": true,
			"changeBPM": false,
			"bpm": 185
		},
		{
			"sectionBeats": 4,
			"sectionNotes": [
				[94702.7027027027, 7, 0],
				[94702.7027027027, 4, 0],
				[95108.1081081081, 5, 0],
				[95189.1891891891, 6, 0],
				[95270.2702702702, 4, 0],
				[95432.4324324324, 4, 0],
				[95675.6756756756, 7, 0],
				[95837.8378378378, 4, 0],
				[95837.8378378378, 6, 0]
			],
			"gfSection": false,
			"altAnim": false,
			"mustHitSection": false,
			"changeBPM": false,
			"bpm": 185
		},
		{
			"sectionBeats": 4,
			"sectionNotes": [
				[96162.1621621621, 5, 0],
				[96324.3243243243, 7, 0],
				[96486.4864864864, 6, 0],
				[96567.5675675675, 4, 0],
				[96648.6486486486, 7, 0],
				[96810.8108108108, 4, 0],
				[96972.9729729729, 5, 0],
				[97135.1351351351, 7, 0]
			],
			"gfSection": false,
			"altAnim": false,
			"mustHitSection": false,
			"changeBPM": false,
			"bpm": 185
		},
		{
			"sectionBeats": 4,
			"sectionNotes": [
				[97378.3783783783, 5, 0],
				[97540.5405405405, 5, 0],
				[97702.7027027026, 7, 0],
				[97864.8648648648, 4, 121.621621621622],
				[98189.1891891891, 5, 202.702702702703]
			],
			"gfSection": false,
			"altAnim": false,
			"mustHitSection": false,
			"changeBPM": false,
			"bpm": 185
		},
		{
			"sectionBeats": 4,
			"sectionNotes": [
				[98594.5945945945, 2, 0],
				[98756.7567567567, 3, 0],
				[98918.9189189189, 2, 0],
				[99081.081081081, 3, 0],
				[99243.2432432432, 2, 121.621621621622],
				[99567.5675675675, 3, 202.702702702703]
			],
			"gfSection": false,
			"altAnim": false,
			"mustHitSection": true,
			"changeBPM": false,
			"bpm": 185
		},
		{
			"sectionBeats": 4,
			"sectionNotes": [
				[99891.8918918918, 1, 0],
				[99972.9729729729, 3, 0],
				[100054.054054054, 1, 0],
				[100216.216216216, 0, 121.621621621622],
				[100540.54054054, 2, 121.621621621622],
				[100783.783783784, 0, 0],
				[100945.945945946, 2, 0]
			],
			"gfSection": false,
			"altAnim": false,
			"mustHitSection": true,
			"changeBPM": false,
			"bpm": 185
		},
		{
			"sectionBeats": 4,
			"sectionNotes": [
				[101351.351351351, 2, 0],
				[101513.513513513, 1, 0],
				[101675.675675676, 3, 0],
				[102000, 2, 0],
				[102324.324324324, 0, 121.621621621622]
			],
			"gfSection": false,
			"altAnim": false,
			"mustHitSection": true,
			"changeBPM": false,
			"bpm": 185
		},
		{
			"sectionBeats": 4,
			"sectionNotes": [
				[102648.648648649, 3, 0],
				[102810.810810811, 1, 0],
				[102972.972972973, 3, 0],
				[103135.135135135, 1, 121.621621621622],
				[103459.459459459, 0, 0]
			],
			"gfSection": false,
			"altAnim": false,
			"mustHitSection": true,
			"changeBPM": false,
			"bpm": 185
		},
		{
			"sectionBeats": 4,
			"sectionNotes": [
				[103783.783783784, 2, 1175.67567567568],
				[103864.864864865, 7, 0],
				[104108.108108108, 6, 0],
				[104432.432432432, 4, 0],
				[104594.594594595, 7, 0],
				[104756.756756757, 5, 0],
				[104918.918918919, 4, 121.621621621622]
			],
			"gfSection": false,
			"altAnim": false,
			"mustHitSection": false,
			"changeBPM": false,
			"bpm": 185
		},
		{
			"sectionBeats": 4,
			"sectionNotes": [
				[105243.243243243, 5, 0],
				[105324.324324324, 7, 0],
				[105405.405405405, 5, 0],
				[105567.567567567, 5, 0],
				[105729.72972973, 6, 0],
				[105891.891891892, 5, 0],
				[106054.054054054, 6, 0],
				[106216.216216216, 4, 0]
			],
			"gfSection": false,
			"altAnim": false,
			"mustHitSection": false,
			"changeBPM": false,
			"bpm": 185
		},
		{
			"sectionBeats": 4,
			"sectionNotes": [
				[106378.378378378, 0, 0],
				[106702.702702703, 1, 0],
				[107027.027027027, 3, 0],
				[107189.189189189, 0, 0],
				[107351.351351351, 2, 0],
				[107513.513513513, 3, 283.783783783784]
			],
			"gfSection": false,
			"altAnim": false,
			"mustHitSection": true,
			"changeBPM": false,
			"bpm": 185
		},
		{
			"sectionBeats": 4,
			"sectionNotes": [
				[107837.837837838, 2, 0],
				[107918.918918919, 0, 0],
				[108000, 2, 0],
				[108162.162162162, 2, 0],
				[108324.324324324, 1, 0],
				[108486.486486486, 2, 0],
				[108648.648648649, 0, 0],
				[108810.810810811, 1, 0]
			],
			"gfSection": false,
			"altAnim": false,
			"mustHitSection": true,
			"changeBPM": false,
			"bpm": 185
		},
		{
			"sectionBeats": 4,
			"sectionNotes": [
				[108972.972972973, 2, 1175.67567567568],
				[108972.972972973, 7, 0],
				[109297.297297297, 6, 0],
				[109621.621621622, 4, 0],
				[109783.783783784, 7, 0],
				[109945.945945946, 5, 0],
				[110108.108108108, 4, 202.702702702703]
			],
			"gfSection": false,
			"altAnim": false,
			"mustHitSection": false,
			"changeBPM": false,
			"bpm": 185
		},
		{
			"sectionBeats": 4,
			"sectionNotes": [
				[110432.432432432, 5, 0],
				[110513.513513513, 7, 0],
				[110594.594594594, 5, 0],
				[110756.756756757, 5, 0],
				[110918.918918919, 5, 0],
				[111081.081081081, 4, 0],
				[111081.081081081, 2, 0],
				[111243.243243243, 6, 0],
				[111243.243243243, 1, 0],
				[111405.405405405, 3, 0],
				[111405.405405405, 5, 0]
			],
			"gfSection": false,
			"altAnim": false,
			"mustHitSection": false,
			"changeBPM": false,
			"bpm": 185
		},
		{
			"sectionBeats": 4,
			"sectionNotes": [
				[111567.567567567, 2, 0],
				[111891.891891892, 3, 0],
				[112216.216216216, 2, 0],
				[112378.378378378, 3, 0],
				[112540.54054054, 1, 0],
				[112702.702702703, 2, 121.621621621622]
			],
			"gfSection": false,
			"altAnim": false,
			"mustHitSection": true,
			"changeBPM": false,
			"bpm": 185
		},
		{
			"sectionBeats": 4,
			"sectionNotes": [
				[112945.945945946, 0, 0],
				[113027.027027027, 3, 0],
				[113108.108108108, 0, 0],
				[113270.27027027, 3, 0],
				[113432.432432432, 6, 202.702702702703],
				[113513.513513513, 1, 0],
				[113594.594594594, 0, 0],
				[113675.675675676, 2, 0],
				[113756.756756757, 7, 0],
				[113756.756756757, 5, 202.702702702703],
				[113837.837837838, 0, 0],
				[114000, 3, 0]
			],
			"gfSection": false,
			"altAnim": false,
			"mustHitSection": true,
			"changeBPM": false,
			"bpm": 185
		},
		{
			"sectionBeats": 4,
			"sectionNotes": [
				[114162.162162162, 7, 0],
				[114162.162162162, 3, 0],
				[114324.324324324, 5, 0],
				[114405.405405405, 0, 0],
				[114486.486486486, 6, 0],
				[114567.567567567, 3, 0],
				[114648.648648649, 4, 0],
				[114729.72972973, 2, 0],
				[114810.810810811, 7, 0],
				[114891.891891892, 1, 0],
				[114972.972972973, 5, 0],
				[115054.054054054, 3, 0],
				[115135.135135135, 6, 0],
				[115297.297297297, 4, 0]
			],
			"gfSection": false,
			"altAnim": false,
			"mustHitSection": true,
			"changeBPM": false,
			"bpm": 185
		},
		{
			"sectionBeats": 4,
			"sectionNotes": [
				[115459.459459459, 6, 121.621621621622],
				[115459.459459459, 2, 121.621621621622],
				[115702.702702703, 1, 0],
				[115783.783783784, 5, 0],
				[115864.864864865, 1, 0],
				[115945.945945946, 7, 0],
				[116027.027027027, 4, 0],
				[116108.108108108, 6, 0],
				[116108.108108108, 3, 202.702702702703],
				[116432.432432432, 0, 0],
				[116432.432432432, 4, 0],
				[116594.594594594, 0, 0]
			],
			"gfSection": false,
			"altAnim": false,
			"mustHitSection": true,
			"changeBPM": false,
			"bpm": 185
		},
		{
			"sectionBeats": 4,
			"sectionNotes": [
				[116756.756756757, 6, 0],
				[116756.756756757, 3, 0],
				[116918.918918919, 5, 0],
				[117081.081081081, 7, 0],
				[117081.081081081, 0, 0],
				[117243.243243243, 5, 0],
				[117243.243243243, 3, 0],
				[117405.405405405, 6, 0],
				[117567.567567567, 5, 0],
				[117567.567567567, 1, 0],
				[117729.72972973, 7, 0],
				[117729.72972973, 0, 0],
				[117891.891891892, 5, 0],
				[117891.891891892, 3, 0]
			],
			"gfSection": false,
			"altAnim": false,
			"mustHitSection": false,
			"changeBPM": false,
			"bpm": 185
		},
		{
			"sectionBeats": 4,
			"sectionNotes": [
				[118054.054054054, 6, 0],
				[118054.054054054, 2, 0],
				[118216.216216216, 3, 0],
				[118378.378378378, 6, 0],
				[118378.378378378, 2, 0],
				[118540.54054054, 1, 0],
				[118702.702702703, 6, 0],
				[118702.702702703, 3, 0],
				[118783.783783784, 4, 0],
				[118864.864864865, 3, 0],
				[118945.945945946, 6, 0],
				[119027.027027027, 4, 0],
				[119027.027027027, 0, 0],
				[119108.108108108, 6, 0],
				[119108.108108108, 3, 0],
				[119189.189189189, 4, 0],
				[119189.189189189, 0, 0],
				[119270.27027027, 7, 0]
			],
			"gfSection": false,
			"altAnim": false,
			"mustHitSection": false,
			"changeBPM": false,
			"bpm": 185
		},
		{
			"sectionBeats": 4,
			"sectionNotes": [
				[119351.351351351, 5, 0],
				[119351.351351351, 0, 0],
				[119432.432432432, 1, 0],
				[119594.594594594, 7, 0],
				[119594.594594594, 2, 0],
				[119756.756756757, 5, 0],
				[119756.756756757, 3, 0],
				[119918.918918919, 0, 0],
				[120081.081081081, 1, 0],
				[120081.081081081, 7, 0],
				[120243.243243243, 4, 0],
				[120243.243243243, 2, 0],
				[120405.405405405, 5, 202.702702702703],
				[120405.405405405, 3, 0]
			],
			"gfSection": false,
			"altAnim": false,
			"mustHitSection": true,
			"changeBPM": false,
			"bpm": 185
		},
		{
			"sectionBeats": 4,
			"sectionNotes": [
				[120648.648648649, 6, 0],
				[120648.648648649, 0, 0],
				[120810.810810811, 7, 0],
				[120972.972972973, 3, 0],
				[121135.135135135, 4, 121.621621621622],
				[121135.135135135, 3, 0],
				[121297.297297297, 1, 0],
				[121459.459459459, 7, 0],
				[121621.621621621, 7, 0],
				[121621.621621621, 2, 0]
			],
			"gfSection": false,
			"altAnim": false,
			"mustHitSection": true,
			"changeBPM": false,
			"bpm": 185
		},
		{
			"sectionBeats": 4,
			"sectionNotes": [
				[121945.945945946, 5, 121.621621621622],
				[121945.945945946, 3, 0],
				[122027.027027027, 1, 0],
				[122189.189189189, 6, 121.621621621622],
				[122189.189189189, 0, 0],
				[122351.351351351, 2, 0],
				[122513.513513513, 5, 202.702702702703],
				[122513.513513513, 3, 0],
				[122675.675675676, 1, 0],
				[122837.837837838, 4, 121.621621621622],
				[122837.837837838, 0, 0],
				[123000, 2, 0]
			],
			"gfSection": false,
			"altAnim": false,
			"mustHitSection": true,
			"changeBPM": false,
			"bpm": 185
		},
		{
			"sectionBeats": 4,
			"sectionNotes": [
				[123243.243243243, 3, 770.27027027027]
			],
			"gfSection": false,
			"altAnim": false,
			"mustHitSection": true,
			"changeBPM": false,
			"bpm": 185
		},
		{
			"sectionBeats": 4,
			"sectionNotes": [
				[124540.54054054, 7, 0],
				[124540.54054054, 1, 1905.40540540541],
				[124621.621621621, 6, 0],
				[124702.702702703, 5, 0],
				[124783.783783784, 7, 0],
				[124864.864864865, 6, 0],
				[124945.945945946, 5, 0],
				[125027.027027027, 6, 0],
				[125270.27027027, 6, 0],
				[125432.432432432, 5, 0],
				[125756.756756757, 5, 0]
			],
			"gfSection": false,
			"altAnim": false,
			"mustHitSection": true,
			"changeBPM": false,
			"bpm": 185
		},
		{
			"sectionBeats": 4,
			"sectionNotes": [
				[125918.918918919, 6, 0],
				[126243.243243243, 5, 0],
				[126405.405405405, 7, 0],
				[126567.567567567, 5, 0],
				[126729.72972973, 6, 0],
				[126891.891891892, 7, 0],
				[127054.054054054, 7, 0]
			],
			"gfSection": false,
			"altAnim": false,
			"mustHitSection": true,
			"changeBPM": false,
			"bpm": 185
		},
		{
			"sectionBeats": 4,
			"sectionNotes": [
				[127135.135135135, 6, 0],
				[127216.216216216, 5, 0],
				[127297.297297297, 4, 0],
				[127378.378378378, 7, 0],
				[127459.459459459, 5, 0],
				[127540.54054054, 6, 0],
				[127702.702702703, 7, 0],
				[127783.783783784, 4, 0],
				[127864.864864865, 6, 0],
				[128027.027027027, 7, 0],
				[128189.189189189, 6, 0],
				[128351.351351351, 5, 0]
			],
			"gfSection": false,
			"altAnim": false,
			"mustHitSection": true,
			"changeBPM": false,
			"bpm": 185
		},
		{
			"sectionBeats": 4,
			"sectionNotes": [
				[128513.513513513, 6, 0],
				[128675.675675676, 7, 0],
				[128837.837837838, 4, 0],
				[129000, 6, 0],
				[129000, 1, 0],
				[129162.162162162, 5, 0],
				[129162.162162162, 2, 0],
				[129324.324324324, 3, 0],
				[129324.324324324, 7, 202.702702702703],
				[129486.486486486, 2, 0]
			],
			"gfSection": false,
			"altAnim": false,
			"mustHitSection": true,
			"changeBPM": false,
			"bpm": 185
		},
		{
			"sectionBeats": 4,
			"sectionNotes": [
				[129729.72972973, 0, 0],
				[129729.72972973, 4, 364.864864864865],
				[129810.810810811, 1, 0],
				[129891.891891892, 2, 0],
				[129972.972972973, 0, 0],
				[130054.054054054, 1, 0],
				[130135.135135135, 2, 0],
				[130216.216216216, 1, 0],
				[130216.216216216, 7, 364.864864864865],
				[130378.378378378, 3, 0],
				[130540.54054054, 1, 0],
				[130702.702702703, 2, 0],
				[130702.702702703, 4, 283.783783783784],
				[130864.864864865, 3, 0]
			],
			"gfSection": false,
			"altAnim": false,
			"mustHitSection": false,
			"changeBPM": false,
			"bpm": 185
		},
		{
			"sectionBeats": 4,
			"sectionNotes": [
				[131027.027027027, 1, 0],
				[131189.189189189, 2, 0],
				[131189.189189189, 5, 283.783783783784],
				[131351.351351351, 1, 0],
				[131513.513513513, 3, 0],
				[131594.594594594, 2, 0],
				[131675.675675676, 0, 0],
				[131675.675675676, 6, 121.621621621622],
				[131756.756756757, 1, 0],
				[131837.837837838, 2, 0],
				[131918.918918919, 3, 0],
				[131918.918918919, 7, 121.621621621622],
				[132000, 1, 0],
				[132162.162162162, 0, 0]
			],
			"gfSection": false,
			"altAnim": false,
			"mustHitSection": false,
			"changeBPM": false,
			"bpm": 185
		},
		{
			"sectionBeats": 4,
			"sectionNotes": [
				[132324.324324324, 0, 0],
				[132324.324324324, 6, 283.783783783784],
				[132405.405405405, 1, 0],
				[132486.486486486, 2, 0],
				[132567.567567567, 3, 0],
				[132648.648648648, 0, 0],
				[132729.72972973, 2, 0],
				[132810.810810811, 1, 0],
				[132810.810810811, 4, 283.783783783784],
				[132972.972972973, 0, 0],
				[133054.054054054, 3, 0],
				[133135.135135135, 1, 0],
				[133216.216216216, 6, 445.945945945946],
				[133297.297297297, 0, 0],
				[133459.459459459, 1, 0]
			],
			"gfSection": false,
			"altAnim": false,
			"mustHitSection": false,
			"changeBPM": false,
			"bpm": 185
		},
		{
			"sectionBeats": 4,
			"sectionNotes": [
				[133621.621621621, 2, 0],
				[133783.783783784, 1, 0],
				[133783.783783784, 7, 364.864864864865],
				[133945.945945946, 0, 0],
				[134108.108108108, 3, 0],
				[134189.189189189, 0, 0],
				[134270.27027027, 1, 0],
				[134270.27027027, 6, 202.702702702703],
				[134432.432432432, 2, 0],
				[134594.594594594, 5, 202.702702702703],
				[134594.594594594, 0, 202.702702702703]
			],
			"gfSection": false,
			"altAnim": false,
			"mustHitSection": false,
			"changeBPM": false,
			"bpm": 185
		},
		{
			"sectionBeats": 4,
			"sectionNotes": [
				[134918.918918919, 7, 0],
				[135000, 6, 0],
				[135081.081081081, 5, 0],
				[135162.162162162, 4, 0],
				[135243.243243243, 7, 0],
				[135324.324324324, 4, 0],
				[135405.405405405, 6, 0],
				[135567.567567567, 5, 0],
				[135729.72972973, 7, 0],
				[135891.891891892, 4, 0],
				[136054.054054054, 7, 0],
				[136135.135135135, 4, 0]
			],
			"gfSection": false,
			"altAnim": false,
			"mustHitSection": true,
			"changeBPM": false,
			"bpm": 185
		},
		{
			"sectionBeats": 4,
			"sectionNotes": [
				[136216.216216216, 7, 0],
				[136378.378378378, 6, 0],
				[136621.621621622, 4, 0],
				[136783.783783784, 6, 0],
				[136945.945945946, 7, 0],
				[137108.108108108, 5, 0],
				[137270.27027027, 7, 0]
			],
			"gfSection": false,
			"altAnim": false,
			"mustHitSection": true,
			"changeBPM": false,
			"bpm": 185
		},
		{
			"sectionBeats": 4,
			"sectionNotes": [
				[137513.513513513, 5, 0],
				[137513.513513513, 1, 0],
				[137594.594594594, 6, 0],
				[137675.675675676, 7, 0],
				[137756.756756757, 5, 0],
				[137837.837837838, 1, 0],
				[137918.918918919, 7, 0],
				[138000, 2, 0],
				[138081.081081081, 5, 0],
				[138162.162162162, 6, 0],
				[138243.243243243, 4, 0],
				[138324.324324324, 5, 0],
				[138324.324324324, 2, 0],
				[138405.405405405, 6, 0],
				[138486.486486486, 7, 0],
				[138486.486486486, 1, 0],
				[138567.567567567, 4, 0],
				[138648.648648649, 7, 0]
			],
			"gfSection": false,
			"altAnim": false,
			"mustHitSection": true,
			"changeBPM": false,
			"bpm": 185
		},
		{
			"sectionBeats": 4,
			"sectionNotes": [
				[138810.810810811, 6, 0],
				[138810.810810811, 2, 0],
				[138972.972972973, 5, 0],
				[138972.972972973, 0, 0],
				[139135.135135135, 4, 0],
				[139216.216216216, 0, 0],
				[139297.297297297, 7, 0],
				[139378.378378378, 1, 0],
				[139459.459459459, 5, 0],
				[139540.54054054, 2, 0],
				[139621.621621622, 6, 0],
				[139702.702702703, 3, 0],
				[139783.783783784, 4, 0],
				[139864.864864865, 2, 0],
				[139945.945945946, 5, 0]
			],
			"gfSection": false,
			"altAnim": false,
			"mustHitSection": true,
			"changeBPM": false,
			"bpm": 185
		},
		{
			"sectionBeats": 4,
			"sectionNotes": [
				[140108.108108108, 0, 0],
				[140108.108108108, 6, 364.864864864865],
				[140189.189189189, 1, 0],
				[140270.27027027, 2, 0],
				[140351.351351351, 3, 0],
				[140432.432432432, 0, 0],
				[140513.513513513, 3, 0],
				[140594.594594594, 1, 0],
				[140594.594594594, 5, 364.864864864865],
				[140756.756756757, 2, 0],
				[140918.918918919, 0, 0],
				[141000, 1, 0],
				[141081.081081081, 4, 283.783783783784],
				[141162.162162162, 2, 0],
				[141243.243243243, 3, 0],
				[141324.324324324, 1, 0]
			],
			"gfSection": false,
			"altAnim": false,
			"mustHitSection": false,
			"changeBPM": false,
			"bpm": 185
		},
		{
			"sectionBeats": 4,
			"sectionNotes": [
				[141405.405405405, 0, 0],
				[141486.486486486, 1, 0],
				[141567.567567567, 2, 0],
				[141567.567567567, 6, 364.864864864865],
				[141648.648648649, 1, 0],
				[141810.810810811, 3, 0],
				[141891.891891892, 2, 0],
				[141972.972972973, 0, 0],
				[142054.054054054, 1, 0],
				[142054.054054054, 7, 283.783783783784],
				[142135.135135135, 2, 0],
				[142216.216216216, 1, 0],
				[142297.297297297, 3, 0],
				[142378.378378378, 2, 0],
				[142378.378378378, 6, 121.621621621622],
				[142459.459459459, 1, 0],
				[142540.54054054, 3, 0],
				[142621.621621622, 2, 0]
			],
			"gfSection": false,
			"altAnim": false,
			"mustHitSection": false,
			"changeBPM": false,
			"bpm": 185
		},
		{
			"sectionBeats": 4,
			"sectionNotes": [
				[142702.702702703, 3, 0],
				[142702.702702703, 5, 121.621621621622],
				[142783.783783784, 0, 0],
				[142864.864864865, 2, 0],
				[142945.945945946, 3, 0],
				[143027.027027027, 2, 0],
				[143108.108108108, 1, 0],
				[143108.108108108, 4, 283.783783783784],
				[143189.189189189, 0, 0],
				[143270.27027027, 1, 0],
				[143351.351351351, 3, 0],
				[143432.432432432, 1, 0],
				[143513.513513513, 0, 0],
				[143594.594594595, 1, 0],
				[143594.594594595, 5, 283.783783783784],
				[143675.675675676, 2, 0],
				[143756.756756757, 1, 0],
				[143837.837837838, 3, 0],
				[143918.918918919, 2, 0]
			],
			"gfSection": false,
			"altAnim": false,
			"mustHitSection": false,
			"changeBPM": false,
			"bpm": 185
		},
		{
			"sectionBeats": 4,
			"sectionNotes": [
				[144000, 3, 0],
				[144081.081081081, 2, 0],
				[144081.081081081, 7, 283.783783783784],
				[144162.162162162, 1, 0],
				[144243.243243243, 0, 0],
				[144324.324324324, 3, 0],
				[144405.405405405, 2, 0],
				[144486.486486486, 1, 0],
				[144567.567567568, 0, 689.189189189189]
			],
			"gfSection": false,
			"altAnim": false,
			"mustHitSection": false,
			"changeBPM": false,
			"bpm": 185
		},
		{
			"sectionBeats": 4,
			"sectionNotes": [
				[145297.297297297, 6, 0],
				[145297.297297297, 3, 1175.67567567568],
				[145459.459459459, 7, 0],
				[145621.621621622, 6, 0],
				[145945.945945946, 6, 202.702702702703],
				[146270.27027027, 4, 0]
			],
			"gfSection": false,
			"altAnim": false,
			"mustHitSection": true,
			"changeBPM": false,
			"bpm": 185
		},
		{
			"sectionBeats": 4,
			"sectionNotes": [
				[146594.594594595, 6, 0],
				[146594.594594595, 0, 1175.67567567568],
				[146675.675675676, 4, 0],
				[146756.756756757, 6, 0],
				[146837.837837838, 5, 0],
				[146918.918918919, 7, 202.702702702703],
				[147243.243243243, 5, 283.783783783784],
				[147567.567567568, 4, 202.702702702703]
			],
			"gfSection": false,
			"altAnim": false,
			"mustHitSection": true,
			"changeBPM": false,
			"bpm": 185
		},
		{
			"sectionBeats": 4,
			"sectionNotes": [
				[147891.891891892, 6, 0],
				[147891.891891892, 3, 1175.67567567568],
				[148054.054054054, 5, 0],
				[148216.216216216, 7, 0],
				[148297.297297297, 6, 0],
				[148459.459459459, 5, 0],
				[148621.621621622, 4, 121.621621621622],
				[148783.783783784, 6, 0],
				[149027.027027027, 7, 121.621621621622]
			],
			"gfSection": false,
			"altAnim": false,
			"mustHitSection": true,
			"changeBPM": false,
			"bpm": 185
		},
		{
			"sectionBeats": 4,
			"sectionNotes": [
				[149189.189189189, 5, 283.783783783784],
				[149189.189189189, 0, 1256.75675675676],
				[149594.594594595, 6, 0],
				[149675.675675676, 4, 0],
				[149756.756756757, 5, 0]
			],
			"gfSection": false,
			"altAnim": false,
			"mustHitSection": true,
			"changeBPM": false,
			"bpm": 185
		},
		{
			"sectionBeats": 4,
			"sectionNotes": [
				[150486.486486486, 2, 0],
				[150486.486486486, 6, 0],
				[150567.567567568, 1, 0],
				[150567.567567568, 5, 0],
				[150648.648648649, 3, 0],
				[150648.648648649, 6, 0],
				[150729.72972973, 1, 0],
				[150729.72972973, 4, 0],
				[150810.810810811, 2, 0],
				[150810.810810811, 6, 0],
				[150891.891891892, 1, 0],
				[150891.891891892, 5, 0],
				[150972.972972973, 3, 0],
				[150972.972972973, 6, 0],
				[151054.054054054, 1, 0],
				[151054.054054054, 4, 0],
				[151135.135135135, 2, 0],
				[151135.135135135, 6, 0],
				[151216.216216216, 1, 0],
				[151216.216216216, 5, 0],
				[151297.297297297, 3, 0],
				[151297.297297297, 6, 0],
				[151378.378378378, 1, 0],
				[151378.378378378, 4, 0],
				[151459.459459459, 2, 0],
				[151459.459459459, 6, 0],
				[151540.540540541, 1, 0],
				[151540.540540541, 5, 0],
				[151621.621621622, 3, 0],
				[151621.621621622, 6, 0],
				[151702.702702703, 4, 0]
			],
			"gfSection": false,
			"altAnim": false,
			"mustHitSection": false,
			"changeBPM": false,
			"bpm": 185
		},
		{
			"sectionBeats": 4,
			"sectionNotes": [
				[151783.783783784, 2, 202.702702702703],
				[151783.783783784, 6, 202.702702702703],
				[152108.108108108, 0, 202.702702702703],
				[152108.108108108, 7, 202.702702702703],
				[152432.432432432, 1, 202.702702702703],
				[152432.432432432, 5, 202.702702702703],
				[152756.756756757, 3, 0],
				[152756.756756757, 4, 0],
				[152837.837837838, 6, 0],
				[152918.918918919, 4, 0],
				[153000, 6, 0]
			],
			"gfSection": false,
			"altAnim": false,
			"mustHitSection": true,
			"changeBPM": false,
			"bpm": 185
		},
		{
			"sectionBeats": 4,
			"sectionNotes": [
				[153081.081081081, 3, 364.864864864865],
				[153081.081081081, 4, 0],
				[153243.243243243, 5, 0],
				[153405.405405405, 4, 0],
				[153567.567567568, 2, 0],
				[153567.567567568, 5, 0],
				[153729.72972973, 7, 0],
				[153891.891891892, 3, 0],
				[153891.891891892, 4, 0],
				[154054.054054054, 2, 0],
				[154054.054054054, 7, 0],
				[154135.135135135, 4, 0],
				[154216.216216216, 0, 0]
			],
			"gfSection": false,
			"altAnim": false,
			"mustHitSection": true,
			"changeBPM": false,
			"bpm": 185
		},
		{
			"sectionBeats": 4,
			"sectionNotes": [
				[154378.378378378, 1, 202.702702702703],
				[154378.378378378, 5, 202.702702702703],
				[154702.702702703, 3, 121.621621621622],
				[154702.702702703, 7, 121.621621621622],
				[155027.027027027, 6, 121.621621621622],
				[155027.027027027, 2, 364.864864864865],
				[155351.351351351, 5, 121.621621621622]
			],
			"gfSection": false,
			"altAnim": false,
			"mustHitSection": true,
			"changeBPM": false,
			"bpm": 185
		},
		{
			"sectionBeats": 4,
			"sectionNotes": [
				[155675.675675676, 1, 0],
				[155675.675675676, 5, 1175.67567567568],
				[155837.837837838, 0, 0],
				[156000, 1, 0],
				[156324.324324324, 3, 0],
				[156648.648648649, 1, 0]
			],
			"gfSection": false,
			"altAnim": false,
			"mustHitSection": false,
			"changeBPM": false,
			"bpm": 185
		},
		{
			"sectionBeats": 4,
			"sectionNotes": [
				[156972.972972973, 1, 0],
				[156972.972972973, 7, 1175.67567567568],
				[157054.054054054, 3, 0],
				[157135.135135135, 1, 0],
				[157216.216216216, 2, 0],
				[157297.297297297, 0, 202.702702702703],
				[157621.621621622, 2, 202.702702702703],
				[157945.945945946, 3, 202.702702702703]
			],
			"gfSection": false,
			"altAnim": false,
			"mustHitSection": false,
			"changeBPM": false,
			"bpm": 185
		},
		{
			"sectionBeats": 4,
			"sectionNotes": [
				[158270.27027027, 1, 0],
				[158270.27027027, 4, 1175.67567567568],
				[158432.432432432, 2, 0],
				[158594.594594595, 1, 0],
				[158756.756756757, 2, 0],
				[158918.918918919, 1, 202.702702702703],
				[159243.243243243, 3, 202.702702702703]
			],
			"gfSection": false,
			"altAnim": false,
			"mustHitSection": false,
			"changeBPM": false,
			"bpm": 185
		},
		{
			"sectionBeats": 4,
			"sectionNotes": [
				[159567.567567568, 2, 0],
				[159567.567567568, 7, 1175.67567567568],
				[159810.810810811, 2, 0],
				[159891.891891892, 1, 0],
				[159972.972972973, 3, 0],
				[160054.054054054, 0, 0],
				[160135.135135135, 2, 689.189189189189]
			],
			"gfSection": false,
			"altAnim": false,
			"mustHitSection": false,
			"changeBPM": false,
			"bpm": 185
		},
		{
			"sectionBeats": 4,
			"sectionNotes": [
				[160864.864864865, 1, 0],
				[160864.864864865, 6, 0],
				[160945.945945946, 2, 0],
				[160945.945945946, 5, 0],
				[161027.027027027, 3, 0],
				[161027.027027027, 4, 0],
				[161108.108108108, 2, 0],
				[161108.108108108, 5, 0],
				[161189.189189189, 1, 0],
				[161189.189189189, 6, 0],
				[161270.27027027, 2, 0],
				[161270.27027027, 5, 0],
				[161351.351351351, 3, 0],
				[161351.351351351, 4, 0],
				[161432.432432433, 2, 0],
				[161432.432432433, 5, 0],
				[161513.513513514, 1, 0],
				[161513.513513514, 6, 0],
				[161594.594594595, 2, 0],
				[161594.594594595, 5, 0],
				[161675.675675676, 3, 0],
				[161675.675675676, 4, 0],
				[161756.756756757, 2, 0],
				[161756.756756757, 5, 0],
				[161837.837837838, 1, 0],
				[161837.837837838, 6, 0],
				[161918.918918919, 2, 0],
				[161918.918918919, 5, 0],
				[162000, 3, 0],
				[162000, 4, 0],
				[162081.081081081, 2, 0],
				[162081.081081081, 5, 0]
			],
			"gfSection": false,
			"altAnim": false,
			"mustHitSection": false,
			"changeBPM": false,
			"bpm": 185
		},
		{
			"sectionBeats": 4,
			"sectionNotes": [
				[162162.162162162, 1, 121.621621621622],
				[162162.162162162, 6, 121.621621621622],
				[162486.486486487, 3, 121.621621621622],
				[162486.486486487, 7, 121.621621621622],
				[162810.810810811, 1, 608.108108108108],
				[162810.810810811, 5, 121.621621621622],
				[163135.135135135, 4, 121.621621621622]
			],
			"gfSection": false,
			"altAnim": false,
			"mustHitSection": false,
			"changeBPM": false,
			"bpm": 185
		},
		{
			"sectionBeats": 4,
			"sectionNotes": [
				[163459.45945946, 2, 0],
				[163459.45945946, 7, 202.702702702703],
				[163621.621621622, 3, 0],
				[163702.702702703, 1, 0],
				[163702.702702703, 5, 689.189189189189],
				[163783.783783784, 2, 0],
				[163945.945945946, 1, 0],
				[164108.108108108, 3, 0],
				[164270.27027027, 0, 0],
				[164351.351351351, 1, 0],
				[164432.432432433, 3, 283.783783783784],
				[164432.432432433, 6, 0],
				[164594.594594595, 7, 0]
			],
			"gfSection": false,
			"altAnim": false,
			"mustHitSection": false,
			"changeBPM": false,
			"bpm": 185
		},
		{
			"sectionBeats": 4,
			"sectionNotes": [
				[164756.756756757, 2, 202.702702702703],
				[164756.756756757, 6, 202.702702702703],
				[165081.081081081, 0, 0],
				[165162.162162162, 3, 0],
				[165243.243243243, 2, 0],
				[165324.324324324, 1, 0],
				[165405.405405406, 0, 608.108108108108]
			],
			"gfSection": false,
			"altAnim": false,
			"mustHitSection": true,
			"changeBPM": false,
			"bpm": 185
		},
		{
			"sectionBeats": 4,
			"sectionNotes": [
				[166054.054054054, 4, 0],
				[166054.054054054, 6, 0],
				[166054.054054054, 2, 1662.16216216216],
				[166216.216216216, 7, 0],
				[166378.378378378, 6, 0],
				[166540.540540541, 7, 0],
				[166540.540540541, 4, 0],
				[166702.702702703, 6, 0],
				[166864.864864865, 6, 0],
				[166945.945945946, 4, 0],
				[167027.027027027, 6, 0],
				[167189.189189189, 7, 0]
			],
			"gfSection": false,
			"altAnim": false,
			"mustHitSection": false,
			"changeBPM": false,
			"bpm": 185
		},
		{
			"sectionBeats": 4,
			"sectionNotes": [
				[167351.351351351, 4, 0],
				[167351.351351351, 6, 0],
				[167513.513513514, 5, 0],
				[167675.675675676, 6, 0],
				[167675.675675676, 4, 0],
				[167837.837837838, 5, 0],
				[168000, 7, 121.621621621622],
				[168000, 4, 121.621621621622],
				[168324.324324324, 5, 121.621621621622]
			],
			"gfSection": false,
			"altAnim": false,
			"mustHitSection": false,
			"changeBPM": false,
			"bpm": 185
		},
		{
			"sectionBeats": 4,
			"sectionNotes": [
				[168648.648648649, 7, 0],
				[168729.72972973, 4, 0],
				[168810.810810811, 7, 0],
				[168891.891891892, 4, 0],
				[168972.972972973, 7, 0],
				[169054.054054054, 6, 0],
				[169135.135135135, 5, 0],
				[169216.216216216, 6, 0],
				[169297.297297297, 4, 0],
				[169378.378378379, 7, 0],
				[169459.45945946, 4, 0],
				[169540.540540541, 7, 0],
				[169621.621621622, 4, 0],
				[169702.702702703, 5, 0],
				[169783.783783784, 4, 0],
				[169864.864864865, 5, 0]
			],
			"gfSection": false,
			"altAnim": false,
			"mustHitSection": false,
			"changeBPM": false,
			"bpm": 185
		},
		{
			"sectionBeats": 4,
			"sectionNotes": [
				[169945.945945946, 1, 202.702702702703],
				[169945.945945946, 7, 0],
				[170027.027027027, 6, 0],
				[170108.108108108, 4, 0],
				[170189.189189189, 5, 0],
				[170270.27027027, 3, 202.702702702703],
				[170270.27027027, 4, 0],
				[170351.351351352, 7, 0],
				[170432.432432433, 6, 0],
				[170513.513513514, 5, 0],
				[170594.594594595, 1, 0],
				[170594.594594595, 6, 0],
				[170756.756756757, 2, 0],
				[170756.756756757, 7, 0],
				[170918.918918919, 3, 0],
				[170918.918918919, 5, 0],
				[171081.081081081, 0, 0]
			],
			"gfSection": false,
			"altAnim": false,
			"mustHitSection": true,
			"changeBPM": false,
			"bpm": 185
		},
		{
			"sectionBeats": 4,
			"sectionNotes": [
				[171243.243243243, 3, 0],
				[171243.243243243, 7, 0],
				[171324.324324324, 6, 0],
				[171405.405405406, 4, 0],
				[171486.486486487, 5, 0],
				[171567.567567568, 7, 0],
				[171648.648648649, 6, 0],
				[171729.72972973, 3, 0],
				[171729.72972973, 5, 0],
				[171810.810810811, 6, 0],
				[171891.891891892, 7, 0],
				[171972.972972973, 5, 0],
				[172054.054054054, 1, 0],
				[172054.054054054, 7, 0],
				[172135.135135135, 5, 0],
				[172216.216216216, 3, 0],
				[172216.216216216, 7, 0],
				[172297.297297297, 5, 0],
				[172378.378378379, 1, 0],
				[172378.378378379, 7, 0],
				[172459.45945946, 6, 0]
			],
			"gfSection": false,
			"altAnim": false,
			"mustHitSection": true,
			"changeBPM": false,
			"bpm": 185
		},
		{
			"sectionBeats": 4,
			"sectionNotes": [
				[172540.540540541, 4, 0],
				[172540.540540541, 2, 0],
				[172702.702702703, 7, 0],
				[172864.864864865, 7, 0],
				[172945.945945946, 4, 0],
				[173027.027027027, 2, 0],
				[173027.027027027, 7, 0],
				[173108.108108108, 5, 0],
				[173189.189189189, 6, 0],
				[173270.27027027, 2, 0],
				[173432.432432433, 3, 0],
				[173432.432432433, 6, 0],
				[173594.594594595, 2, 0],
				[173594.594594595, 7, 0],
				[173756.756756757, 1, 0],
				[173756.756756757, 6, 0]
			],
			"gfSection": false,
			"altAnim": false,
			"mustHitSection": true,
			"changeBPM": false,
			"bpm": 185
		},
		{
			"sectionBeats": 4,
			"sectionNotes": [
				[173837.837837838, 4, 0],
				[173918.918918919, 5, 0],
				[174000, 6, 0],
				[174081.081081081, 7, 0],
				[174162.162162162, 6, 0],
				[174243.243243243, 4, 0],
				[174324.324324324, 1, 0],
				[174324.324324324, 5, 0],
				[174405.405405406, 7, 0],
				[174486.486486487, 6, 0],
				[174567.567567568, 5, 0],
				[174648.648648649, 3, 0],
				[174648.648648649, 7, 0],
				[174729.72972973, 5, 0],
				[174810.810810811, 2, 0],
				[174810.810810811, 6, 0],
				[174972.972972973, 3, 0]
			],
			"gfSection": false,
			"altAnim": false,
			"mustHitSection": true,
			"changeBPM": false,
			"bpm": 185
		},
		{
			"sectionBeats": 4,
			"sectionNotes": [
				[175135.135135135, 1, 0],
				[175135.135135135, 6, 0],
				[175297.297297297, 5, 0],
				[175378.378378379, 3, 0],
				[175459.45945946, 1, 0],
				[175459.45945946, 7, 0],
				[175540.540540541, 3, 0],
				[175621.621621622, 0, 0],
				[175621.621621622, 5, 0],
				[175702.702702703, 7, 0],
				[175783.783783784, 1, 608.108108108108],
				[175783.783783784, 6, 202.702702702703],
				[176027.027027027, 7, 0],
				[176108.108108108, 3, 283.783783783784],
				[176108.108108108, 5, 0],
				[176189.189189189, 7, 0],
				[176270.27027027, 5, 0]
			],
			"gfSection": false,
			"altAnim": false,
			"mustHitSection": true,
			"changeBPM": false,
			"bpm": 185
		},
		{
			"sectionBeats": 4,
			"sectionNotes": [
				[176432.432432433, 2, 0],
				[176432.432432433, 6, 1500],
				[176513.513513514, 0, 0],
				[176594.594594595, 3, 0],
				[176756.756756757, 2, 0],
				[176918.918918919, 1, 0],
				[177081.081081081, 3, 0],
				[177243.243243243, 3, 0],
				[177324.324324325, 0, 0],
				[177405.405405406, 2, 0],
				[177567.567567568, 1, 0]
			],
			"gfSection": false,
			"altAnim": false,
			"mustHitSection": true,
			"changeBPM": false,
			"bpm": 185
		},
		{
			"sectionBeats": 4,
			"sectionNotes": [
				[177729.72972973, 3, 0],
				[177891.891891892, 2, 0],
				[178054.054054054, 0, 0],
				[178216.216216216, 2, 0],
				[178378.378378379, 1, 0],
				[178459.45945946, 3, 121.621621621622],
				[178702.702702703, 1, 0]
			],
			"gfSection": false,
			"altAnim": false,
			"mustHitSection": true,
			"changeBPM": false,
			"bpm": 185
		},
		{
			"sectionBeats": 4,
			"sectionNotes": [
				[179027.027027027, 2, 0],
				[179108.108108108, 3, 0],
				[179189.189189189, 2, 0],
				[179270.27027027, 1, 0],
				[179351.351351352, 0, 0],
				[179432.432432433, 3, 0],
				[179513.513513514, 2, 0],
				[179594.594594595, 1, 0],
				[179675.675675676, 2, 0],
				[179756.756756757, 3, 0],
				[179837.837837838, 1, 0],
				[179918.918918919, 2, 0],
				[180000, 0, 0],
				[180081.081081081, 1, 0],
				[180162.162162162, 3, 0],
				[180243.243243243, 1, 0]
			],
			"gfSection": false,
			"altAnim": false,
			"mustHitSection": true,
			"changeBPM": false,
			"bpm": 185
		},
		{
			"sectionBeats": 4,
			"sectionNotes": [
				[180324.324324325, 2, 0],
				[180324.324324325, 6, 121.621621621622],
				[180405.405405406, 0, 0],
				[180486.486486487, 3, 0],
				[180567.567567568, 2, 0],
				[180648.648648649, 1, 0],
				[180648.648648649, 7, 121.621621621622],
				[180729.72972973, 3, 0],
				[180810.810810811, 0, 0],
				[180891.891891892, 1, 0],
				[180891.891891892, 4, 0],
				[180972.972972973, 0, 0],
				[181054.054054054, 5, 0],
				[181135.135135135, 1, 0],
				[181216.216216216, 4, 0],
				[181297.297297298, 0, 0],
				[181378.378378379, 5, 0],
				[181540.540540541, 7, 0]
			],
			"gfSection": false,
			"altAnim": false,
			"mustHitSection": true,
			"changeBPM": false,
			"bpm": 185
		},
		{
			"sectionBeats": 4,
			"sectionNotes": [
				[181621.621621622, 2, 0],
				[181702.702702703, 3, 0],
				[181783.783783784, 0, 0],
				[181783.783783784, 7, 0],
				[181864.864864865, 1, 0],
				[181864.864864865, 4, 0],
				[181945.945945946, 2, 0],
				[181945.945945946, 7, 0],
				[182027.027027027, 1, 0],
				[182108.108108108, 2, 0],
				[182108.108108108, 6, 0],
				[182189.189189189, 3, 0],
				[182189.189189189, 4, 0],
				[182270.27027027, 0, 0],
				[182270.27027027, 6, 0],
				[182351.351351352, 1, 0],
				[182432.432432433, 0, 0],
				[182432.432432433, 5, 0],
				[182513.513513514, 3, 0],
				[182594.594594595, 1, 0],
				[182594.594594595, 7, 0],
				[182675.675675676, 2, 0],
				[182756.756756757, 1, 0],
				[182837.837837838, 3, 0]
			],
			"gfSection": false,
			"altAnim": false,
			"mustHitSection": true,
			"changeBPM": false,
			"bpm": 185
		},
		{
			"sectionBeats": 4,
			"sectionNotes": [
				[182918.918918919, 0, 0],
				[182918.918918919, 4, 0],
				[183000, 1, 0],
				[183000, 6, 0],
				[183081.081081081, 0, 0],
				[183081.081081081, 4, 0],
				[183162.162162162, 1, 0],
				[183243.243243243, 2, 0],
				[183243.243243243, 5, 0],
				[183324.324324325, 0, 0],
				[183324.324324325, 7, 0],
				[183405.405405406, 2, 0],
				[183405.405405406, 6, 0],
				[183486.486486487, 1, 0],
				[183567.567567568, 2, 0],
				[183567.567567568, 4, 0],
				[183648.648648649, 1, 0],
				[183729.72972973, 0, 0],
				[183729.72972973, 5, 0],
				[183810.810810811, 1, 0],
				[183891.891891892, 3, 0],
				[183891.891891892, 6, 0],
				[183972.972972973, 0, 0],
				[184054.054054054, 1, 0],
				[184054.054054054, 4, 0],
				[184135.135135135, 6, 0]
			],
			"gfSection": false,
			"altAnim": false,
			"mustHitSection": true,
			"changeBPM": false,
			"bpm": 185
		},
		{
			"sectionBeats": 4,
			"sectionNotes": [
				[184216.216216216, 3, 0],
				[184216.216216216, 7, 0],
				[184297.297297298, 2, 0],
				[184378.378378379, 1, 0],
				[184378.378378379, 5, 0],
				[184459.45945946, 2, 0],
				[184540.540540541, 3, 0],
				[184540.540540541, 6, 0],
				[184621.621621622, 1, 0],
				[184702.702702703, 2, 0],
				[184702.702702703, 7, 0],
				[184783.783783784, 0, 0],
				[184864.864864865, 1, 0],
				[184864.864864865, 5, 0],
				[184945.945945946, 0, 0],
				[185027.027027027, 3, 0],
				[185027.027027027, 6, 0],
				[185108.108108108, 1, 0],
				[185189.189189189, 2, 0],
				[185270.270270271, 4, 0],
				[185351.351351352, 7, 0],
				[185432.432432433, 5, 0]
			],
			"gfSection": false,
			"altAnim": false,
			"mustHitSection": true,
			"changeBPM": false,
			"bpm": 185
		},
		{
			"sectionBeats": 4,
			"sectionNotes": [
				[185513.513513514, 3, 0],
				[185513.513513514, 0, 0],
				[185675.675675676, 1, 0],
				[185837.837837838, 3, 0],
				[185837.837837838, 4, 0],
				[185918.918918919, 2, 0],
				[185918.918918919, 7, 0],
				[186000, 0, 0],
				[186000, 5, 0],
				[186081.081081081, 2, 0],
				[186081.081081081, 6, 851.351351351351],
				[186162.162162162, 3, 0],
				[186324.324324325, 2, 0],
				[186486.486486487, 3, 0],
				[186486.486486487, 1, 0],
				[186648.648648649, 0, 0]
			],
			"gfSection": false,
			"altAnim": false,
			"mustHitSection": true,
			"changeBPM": false,
			"bpm": 185
		},
		{
			"sectionBeats": 4,
			"sectionNotes": [
				[186810.810810811, 2, 0],
				[186972.972972973, 3, 0],
				[186972.972972973, 1, 0],
				[187135.135135135, 3, 0],
				[187135.135135135, 4, 0],
				[187216.216216217, 2, 0],
				[187216.216216217, 5, 0],
				[187297.297297298, 0, 0],
				[187297.297297298, 7, 0],
				[187378.378378379, 2, 0],
				[187378.378378379, 4, 0],
				[187459.45945946, 3, 0],
				[187459.45945946, 6, 202.702702702703],
				[187621.621621622, 2, 0],
				[187702.702702703, 3, 0],
				[187702.702702703, 5, 0],
				[187783.783783784, 1, 0],
				[187864.864864865, 2, 0],
				[187945.945945946, 0, 0]
			],
			"gfSection": false,
			"altAnim": false,
			"mustHitSection": true,
			"changeBPM": false,
			"bpm": 185
		},
		{
			"sectionBeats": 4,
			"sectionNotes": [
				[188108.108108108, 4, 0],
				[188108.108108108, 6, 0],
				[188108.108108108, 3, 1662.16216216216],
				[188108.108108108, 1, 1662.16216216216]
			],
			"gfSection": false,
			"altAnim": false,
			"mustHitSection": true,
			"changeBPM": false,
			"bpm": 185
		},
		{
			"sectionBeats": 4,
			"sectionNotes": [],
			"gfSection": false,
			"altAnim": false,
			"mustHitSection": true,
			"changeBPM": false,
			"bpm": 185
		},
		{
			"sectionBeats": 4,
			"sectionNotes": [],
			"gfSection": false,
			"altAnim": false,
			"mustHitSection": true,
			"changeBPM": false,
			"bpm": 185
		},
		{
			"sectionBeats": 4,
			"sectionNotes": [],
			"gfSection": false,
			"altAnim": false,
			"mustHitSection": true,
			"changeBPM": false,
			"bpm": 185
		},
		{
			"sectionBeats": 4,
			"sectionNotes": [],
			"gfSection": false,
			"altAnim": false,
			"mustHitSection": true,
			"changeBPM": false,
			"bpm": 185
		}
	],
	"disableNoteRGB": true,
	"splashSkin": "noteSplashes\\noteSplashes-splash-pixel",
	"song": "Gameover",
	"validScore": true,
	"arrowSkin": "noteSkins\\NOTE_assets-arrows-pixel",
	"speed": 2.8,
	"format": "psych_v1_convert",
	"gfVersion": "gf-pixel",
	"events": [
		[
			40945.9459459459,
			[
				["Play Animation", "death", "Dad"]
			]
		],
		[
			41270.2702702703,
			[
				["Change Character", "Dad", "marionear"]
			]
		],
		[
			60810.8108108109,
			[
				["Play Animation", "powerup", "Dad"]
			]
		],
		[
			62270.2702702703,
			[
				["Change Character", "Dad", "mx"]
			]
		],
		[
			124216.216216216,
			[
				["Camera Follow Pos", "", ""]
			]
		],
		[
			124540.54054054,
			[
				["Change Character", "Dad", "bigmx"]
			]
		],
		[
			166054.054054054,
			[
				["Change Character", "Dad", "mx-angry"]
			]
		]
	],
	"chartVersion": "KE1",
	"needsVoices": true,
	"stage": "mx",
	"bpm": 185,
	"noteStyle": "normal"
}