﻿<?xml version="1.0" encoding="utf-8"?>
<TextureAtlas imagePath="fireball.png">
	<!-- Created with Adobe Animate version 22.0.3.179 -->
	<!-- http://www.adobe.com/products/animate.html -->
	<SubTexture name="fireball0000" x="0" y="0" width="72" height="64" frameX="-2" frameY="0" frameWidth="74" frameHeight="66"/>
	<SubTexture name="fireball0001" x="0" y="0" width="72" height="64" frameX="-2" frameY="0" frameWidth="74" frameHeight="66"/>
	<SubTexture name="fireball0002" x="72" y="0" width="58" height="64" frameX="-7" frameY="-2" frameWidth="74" frameHeight="66"/>
	<SubTexture name="fireball0003" x="72" y="0" width="58" height="64" frameX="-7" frameY="-2" frameWidth="74" frameHeight="66"/>
	<SubTexture name="fireball0004" x="130" y="0" width="56" height="64" frameX="0" frameY="0" frameWidth="74" frameHeight="66"/>
	<SubTexture name="fireball0005" x="130" y="0" width="56" height="64" frameX="0" frameY="0" frameWidth="74" frameHeight="66"/>
	<SubTexture name="fireball0006" x="0" y="64" width="72" height="64" frameX="0" frameY="0" frameWidth="74" frameHeight="66"/>
	<SubTexture name="fireball0007" x="0" y="64" width="72" height="64" frameX="0" frameY="0" frameWidth="74" frameHeight="66"/>
</TextureAtlas>
