{
	"animations": [
		{
			"offsets": [-30, -27],
			"loop": false,
			"fps": 24,
			"anim": "singDOWN",
			"indices": [],
			"name": "down"
		},
		{
			"offsets": [-30, -27],
			"loop": false,
			"fps": 24,
			"anim": "singUP",
			"indices": [],
			"name": "up"
		},
		{
			"offsets": [-30, -27],
			"loop": false,
			"fps": 24,
			"anim": "singRIGHT",
			"indices": [],
			"name": "left"
		},
		{
			"offsets": [-30, -27],
			"loop": false,
			"fps": 24,
			"anim": "singLEFT",
			"indices": [],
			"name": "right"
		},
		{
			"loop": true,
			"offsets": [-30, -27],
			"anim": "idle",
			"fps": 12,
			"name": "idle",
			"indices": []
		}
	],
	"vocals_file": "",
	"no_antialiasing": true,
	"image": "characters/bf-small",
	"position": [0, 0],
	"healthicon": "face",
	"flip_x": false,
	"healthbar_colors": [161, 161, 161],
	"camera_position": [0, 0],
	"sing_duration": 4,
	"scale": 5,
	"_editor_isPlayer": true
}