{
	"animations": [
		{
			"loop": true,
			"offsets": [-240, 0],
			"anim": "idle",
			"fps": 60,
			"name": "idle",
			"indices": []
		},
		{
			"loop": false,
			"offsets": [-240, 0],
			"anim": "singDOWN",
			"fps": 24,
			"name": "down",
			"indices": []
		},
		{
			"loop": false,
			"offsets": [-240, 0],
			"anim": "singUP",
			"fps": 24,
			"name": "up",
			"indices": []
		},
		{
			"loop": false,
			"offsets": [-240, 0],
			"anim": "singRIGHT",
			"fps": 24,
			"name": "right",
			"indices": []
		},
		{
			"loop": false,
			"offsets": [-240, 0],
			"anim": "singLEFT",
			"fps": 24,
			"name": "left",
			"indices": []
		}
	],
	"vocals_file": "",
	"no_antialiasing": true,
	"image": "characters/bf-wall-fire",
	"position": [0, 0],
	"healthicon": "face",
	"flip_x": false,
	"healthbar_colors": [161, 161, 161],
	"camera_position": [200, -100],
	"sing_duration": 4,
	"scale": 5,
	"_editor_isPlayer": true
}