{
	"animations": [
		{
			"loop": false,
			"offsets": [5, 9],
			"anim": "singUP",
			"fps": 8,
			"name": "bfmxtiny up",
			"indices": []
		},
		{
			"loop": false,
			"offsets": [0, -11],
			"anim": "singDOWN",
			"fps": 8,
			"name": "bfmxtiny down",
			"indices": []
		},
		{
			"loop": true,
			"offsets": [0, 0],
			"anim": "run",
			"fps": 8,
			"name": "bfmxtiny run",
			"indices": []
		},
		{
			"loop": true,
			"offsets": [0, 0],
			"anim": "idle",
			"fps": 10,
			"name": "bfmxtiny idle",
			"indices": []
		},
		{
			"offsets": [0, -6],
			"indices": [],
			"fps": 24,
			"anim": "singRIGHT",
			"loop": false,
			"name": "bfmxtiny left"
		},
		{
			"offsets": [10, -1],
			"indices": [],
			"fps": 8,
			"anim": "singLEFT",
			"loop": false,
			"name": "bfmxtiny right"
		}
	],
	"vocals_file": "",
	"no_antialiasing": true,
	"image": "characters/bfmxtiny",
	"position": [0, 0],
	"healthicon": "face",
	"flip_x": false,
	"healthbar_colors": [161, 161, 161],
	"camera_position": [0, 0],
	"sing_duration": 4,
	"scale": 1,
	"_editor_isPlayer": true
}