{
	"animations": [
		{
			"loop": true,
			"offsets": [-210, 14],
			"anim": "idle",
			"fps": 10,
			"name": "marionear idle",
			"indices": []
		},
		{
			"loop": false,
			"offsets": [-185, 14],
			"anim": "singLEFT",
			"fps": 10,
			"name": "marionear left",
			"indices": []
		},
		{
			"loop": false,
			"offsets": [-217, -11],
			"anim": "singDOWN",
			"fps": 10,
			"name": "marionear down",
			"indices": []
		},
		{
			"loop": false,
			"offsets": [-223, 29],
			"anim": "singUP",
			"fps": 10,
			"name": "marionear up",
			"indices": []
		},
		{
			"loop": false,
			"offsets": [-215, 15],
			"anim": "singRIGHT",
			"fps": 10,
			"name": "marionear right",
			"indices": []
		},
		{
			"loop": false,
			"offsets": [-170, 78],
			"anim": "powerup",
			"fps": 10,
			"name": "marionear powerup",
			"indices": []
		}
	],
	"vocals_file": "",
	"no_antialiasing": true,
	"image": "characters/marionear",
	"position": [0, 0],
	"healthicon": "face",
	"flip_x": false,
	"healthbar_colors": [161, 161, 161],
	"camera_position": [0, 0],
	"sing_duration": 4,
	"scale": 5,
	"_editor_isPlayer": false
}