{
	"animations": [
		{
			"offsets": [-140, 90],
			"loop": true,
			"fps": 40,
			"anim": "idle",
			"indices": [],
			"name": "idle"
		},
		{
			"loop": false,
			"offsets": [-140, 90],
			"anim": "singDOWN",
			"fps": 24,
			"name": "down",
			"indices": []
		},
		{
			"loop": false,
			"offsets": [-140, 90],
			"anim": "singUP",
			"fps": 24,
			"name": "up",
			"indices": []
		},
		{
			"loop": false,
			"offsets": [-140, 90],
			"anim": "singRIGHT",
			"fps": 24,
			"name": "right",
			"indices": []
		},
		{
			"loop": false,
			"offsets": [-140, 90],
			"anim": "singLEFT",
			"fps": 24,
			"name": "left",
			"indices": []
		}
	],
	"vocals_file": "",
	"no_antialiasing": true,
	"image": "characters/mx-angry",
	"position": [0, 0],
	"healthicon": "face",
	"flip_x": false,
	"healthbar_colors": [161, 161, 161],
	"camera_position": [-100, -50],
	"sing_duration": 4,
	"scale": 5,
	"_editor_isPlayer": false
}